Dependents,ApplicantIncome,CoapplicantIncome,LoanAmount,Loan_Amount_Term,Credit_History,Loan_Status,TotalIncome,EMI,BalanceIncome,LoanAmount_log,TotalIncome_log,Gender_Male,Married_Yes,Education_Not Graduate,Self_Employed_Yes,Property_Area_Semiurban,Property_Area_Urban
0,5849,0.0,128.0,360.0,1.0,1,5849.0,0.35555555555555557,5493.444444444444,4.859812404361672,8.674196940225903,1,0,0,0,0,1
1,4583,1508.0,128.0,360.0,1.0,0,6091.0,0.35555555555555557,5735.444444444444,4.859812404361672,8.714731714015052,1,1,0,0,0,0
0,3000,0.0,66.0,360.0,1.0,1,3000.0,0.18333333333333332,2816.6666666666665,4.204692619390966,8.006700845440367,1,1,0,1,0,1
0,2583,2358.0,120.0,360.0,1.0,1,4941.0,0.3333333333333333,4607.666666666667,4.795790545596741,8.505525386548555,1,1,1,0,0,1
0,6000,0.0,141.0,360.0,1.0,1,6000.0,0.39166666666666666,5608.333333333333,4.955827057601261,8.699681400989514,1,0,0,0,0,1
2,5417,4196.0,267.0,360.0,1.0,1,9613.0,0.7416666666666667,8871.333333333334,5.5909869805108565,9.170975648453906,1,1,0,1,0,1
0,2333,1516.0,95.0,360.0,1.0,1,3849.0,0.2638888888888889,3585.1111111111113,4.564348191467836,8.25582842728183,1,1,1,0,0,1
3,3036,2504.0,158.0,360.0,0.0,0,5540.0,0.4388888888888889,5101.111111111111,5.0689042022202315,8.61993026886735,1,1,0,0,1,0
2,4006,1526.0,168.0,360.0,1.0,1,5532.0,0.4666666666666667,5065.333333333333,5.1298987149230735,8.618485442898109,1,1,0,0,0,1
1,12841,10968.0,349.0,360.0,1.0,0,23809.0,0.9694444444444444,22839.555555555555,5.857933154483459,10.077860939480908,1,1,0,0,1,0
2,3200,700.0,70.0,360.0,1.0,1,3900.0,0.19444444444444445,3705.5555555555557,4.2626798770413155,8.268988209506656,1,1,0,0,0,1
2,2500,1840.0,109.0,360.0,1.0,1,4340.0,0.30277777777777776,4037.222222222222,4.700480365792417,8.375860015299594,1,1,0,0,0,1
2,3073,8106.0,200.0,360.0,1.0,1,11179.0,0.5555555555555556,10623.444444444445,5.303304908059076,9.32188174670909,1,1,0,0,0,1
0,1853,2840.0,114.0,360.0,1.0,0,4693.0,0.31666666666666665,4376.333333333333,4.74493212836325,8.454040376410969,1,0,0,0,0,0
2,1299,1086.0,17.0,120.0,1.0,1,2385.0,0.14166666666666666,2243.3333333333335,2.8903717578961645,7.777373602657861,1,1,0,0,0,1
0,4950,0.0,125.0,360.0,1.0,1,4950.0,0.3472222222222222,4602.777777777777,4.836281906951478,8.507344855361422,1,0,0,0,0,1
1,3596,0.0,100.0,240.0,1.0,1,3596.0,0.4166666666666667,3179.3333333333335,4.61512051684126,8.187855443695623,1,0,1,0,0,1
0,3510,0.0,76.0,360.0,0.0,0,3510.0,0.2111111111111111,3298.8888888888887,4.343805421853684,8.163656176168432,0,0,0,0,0,1
0,4887,0.0,133.0,360.0,1.0,0,4887.0,0.36944444444444446,4517.555555555556,4.897839799950911,8.494538500851432,1,1,1,0,0,0
0,2600,3500.0,115.0,360.0,1.0,1,6100.0,0.3194444444444444,5780.555555555556,4.7535901911063645,8.716207971151853,1,1,0,0,0,1
0,7660,0.0,104.0,360.0,0.0,0,7660.0,0.28888888888888886,7371.111111111111,4.653960350157523,8.94389780251682,1,1,1,0,0,1
1,5955,5625.0,315.0,360.0,1.0,1,11580.0,0.875,10705.0,5.755742213586912,9.357121103184378,1,1,0,0,0,1
0,2600,1911.0,116.0,360.0,0.0,0,4511.0,0.32222222222222224,4188.777777777777,4.762173934797756,8.414495793177895,1,1,1,0,1,0
2,3365,1917.0,112.0,360.0,0.0,0,5282.0,0.3111111111111111,4970.888888888889,4.727387818712341,8.572249397164315,1,1,1,0,0,0
1,3717,2925.0,151.0,360.0,1.0,0,6642.0,0.41944444444444445,6222.555555555556,5.0238805208462765,8.80131894766524,1,1,0,0,1,0
0,9560,0.0,191.0,360.0,1.0,1,9560.0,0.5305555555555556,9029.444444444445,5.2574953720277815,9.165447603085447,1,1,0,1,1,0
0,2799,2253.0,122.0,360.0,1.0,1,5052.0,0.3388888888888889,4713.111111111111,4.812184355372417,8.527737405291909,1,1,0,0,1,0
2,4226,1040.0,110.0,360.0,1.0,1,5266.0,0.3055555555555556,4960.444444444444,4.709530201312334,8.569216219483389,1,1,1,0,0,1
0,1442,0.0,35.0,360.0,1.0,0,1442.0,0.09722222222222222,1344.7777777777778,3.58351893845611,7.274479558773871,1,0,1,0,0,1
2,3750,2083.0,120.0,360.0,1.0,1,5833.0,0.3333333333333333,5499.666666666667,4.795790545596741,8.671458150427666,0,0,0,0,1,0
1,4166,3369.0,201.0,360.0,1.0,0,7535.0,0.5583333333333333,6976.666666666667,5.308267697401205,8.927446816256198,1,1,0,0,0,1
0,3167,0.0,74.0,360.0,1.0,0,3167.0,0.20555555555555555,2961.4444444444443,4.31748811353631,8.060855752934316,1,0,0,0,0,1
1,4692,0.0,106.0,360.0,1.0,0,4692.0,0.29444444444444445,4397.555555555556,4.672828834461906,8.453827315794417,1,0,0,1,0,0
0,3500,1667.0,114.0,360.0,1.0,1,5167.0,0.31666666666666665,4850.333333333333,4.74493212836325,8.550241045462437,1,1,0,0,1,0
3,12500,3000.0,320.0,360.0,1.0,0,15500.0,0.8888888888888888,14611.111111111111,5.771441123130016,9.648659816955295,1,0,0,0,0,0
0,2275,2067.0,128.0,360.0,1.0,1,4342.0,0.35555555555555557,3986.4444444444443,4.859812404361672,8.376320632534823,1,1,0,0,0,1
0,1828,1330.0,100.0,360.0,0.0,0,3158.0,0.2777777777777778,2880.222222222222,4.61512051684126,8.058010800802085,1,1,0,0,0,1
0,3667,1459.0,144.0,360.0,1.0,1,5126.0,0.4,4726.0,4.976733742420574,8.5422759717837,0,1,0,0,1,0
0,4166,7210.0,184.0,360.0,1.0,1,11376.0,0.5111111111111111,10864.888888888889,5.220355825078324,9.339349052539717,1,0,0,0,0,1
0,3748,1668.0,110.0,360.0,1.0,1,5416.0,0.3055555555555556,5110.444444444444,4.709530201312334,8.597297435657898,1,0,1,0,1,0
0,3600,0.0,80.0,360.0,1.0,0,3600.0,0.2222222222222222,3377.777777777778,4.394449154672439,8.188966863648876,1,0,0,0,0,1
0,1800,1213.0,47.0,360.0,1.0,1,3013.0,0.13055555555555556,2882.4444444444443,3.871201010907891,8.01102337918644,1,0,0,0,0,1
0,2400,0.0,75.0,360.0,1.0,1,2400.0,0.20833333333333334,2191.6666666666665,4.330733340286331,7.783640596221253,1,1,0,0,0,1
0,3941,2336.0,134.0,360.0,1.0,1,6277.0,0.37222222222222223,5904.777777777777,4.90527477843843,8.744806737401898,1,1,0,0,1,0
0,4695,0.0,96.0,360.0,1.0,1,4695.0,0.26666666666666666,4428.333333333333,4.574710978503383,8.454466361507933,1,1,1,1,0,1
0,3410,0.0,88.0,360.0,1.0,1,3410.0,0.24444444444444444,3165.5555555555557,4.48863636973214,8.134760782418645,0,0,0,0,0,1
1,5649,0.0,44.0,360.0,1.0,1,5649.0,0.12222222222222222,5526.777777777777,3.8066624897703196,8.639410824140487,1,1,0,0,0,1
0,5821,0.0,144.0,360.0,1.0,1,5821.0,0.4,5421.0,4.976733742420574,8.669399124305569,1,1,0,0,0,1
0,2645,3440.0,120.0,360.0,0.0,0,6085.0,0.3333333333333333,5751.666666666667,4.795790545596741,8.713746330456916,0,1,0,0,0,1
0,4000,2275.0,144.0,360.0,1.0,1,6275.0,0.4,5875.0,4.976733742420574,8.744488113852924,0,0,0,0,1,0
0,1928,1644.0,100.0,360.0,1.0,1,3572.0,0.2777777777777778,3294.222222222222,4.61512051684126,8.181160858023409,0,1,1,0,1,0
0,3086,0.0,120.0,360.0,1.0,1,3086.0,0.3333333333333333,2752.6666666666665,4.795790545596741,8.034955024502159,0,0,0,0,1,0
0,4230,0.0,112.0,360.0,1.0,0,4230.0,0.3111111111111111,3918.8888888888887,4.727387818712341,8.350193650720067,0,0,0,0,1,0
2,4616,0.0,134.0,360.0,1.0,0,4616.0,0.37222222222222223,4243.777777777777,4.90527477843843,8.43750042250699,1,1,0,0,0,1
1,11500,0.0,286.0,360.0,0.0,0,11500.0,0.7944444444444444,10705.555555555555,5.659482215759621,9.350189267092581,0,1,0,1,0,1
2,2708,1167.0,97.0,360.0,1.0,1,3875.0,0.26944444444444443,3605.5555555555557,4.584967478670572,8.262558973010657,1,1,0,0,1,0
0,2132,1591.0,96.0,360.0,1.0,1,3723.0,0.26666666666666666,3456.3333333333335,4.574710978503383,8.222553638396958,1,1,0,0,1,0
0,3366,2200.0,135.0,360.0,1.0,0,5566.0,0.375,5191.0,4.912654885736052,8.624611588183507,1,1,0,0,0,0
1,8080,2250.0,180.0,360.0,1.0,1,10330.0,0.5,9830.0,5.198497031265826,9.242904362849446,1,1,0,0,0,1
2,3357,2859.0,144.0,360.0,1.0,1,6216.0,0.4,5816.0,4.976733742420574,8.735042754269337,1,1,1,0,0,1
0,2500,3796.0,120.0,360.0,1.0,1,6296.0,0.3333333333333333,5962.666666666667,4.795790545596741,8.747828608488742,1,1,0,0,0,1
3,3029,0.0,99.0,360.0,1.0,1,3029.0,0.275,2754.0,4.605170185988092,8.016317898503415,1,1,0,0,0,1
0,2609,3449.0,165.0,180.0,0.0,0,6058.0,0.9166666666666666,5141.333333333333,5.111987788356544,8.70930004894499,1,1,1,1,0,0
1,4945,0.0,128.0,360.0,0.0,0,4945.0,0.35555555555555557,4589.444444444444,4.859812404361672,8.506334448081361,1,1,0,0,0,0
0,4166,0.0,116.0,360.0,0.0,0,4166.0,0.32222222222222224,3843.777777777778,4.762173934797756,8.334951631422454,0,0,0,0,1,0
0,5726,4595.0,258.0,360.0,1.0,0,10321.0,0.7166666666666667,9604.333333333334,5.556828061699537,9.242032818708672,1,1,0,0,1,0
0,3200,2254.0,126.0,180.0,0.0,0,5454.0,0.7,4754.0,4.844187086458591,8.604287898267172,1,0,1,0,0,1
1,10750,0.0,312.0,360.0,1.0,1,10750.0,0.8666666666666667,9883.333333333334,5.746203190540153,9.282754052485227,1,1,0,0,0,1
3,7100,0.0,125.0,60.0,1.0,1,7100.0,2.0833333333333335,5016.666666666666,4.836281906951478,8.867990898182093,1,1,1,1,0,1
0,4300,0.0,136.0,360.0,0.0,0,4300.0,0.37777777777777777,3922.222222222222,4.919980925828125,8.366602832783736,0,0,0,0,1,0
0,3208,3066.0,172.0,360.0,1.0,1,6274.0,0.4777777777777778,5796.222222222223,5.153291594497779,8.744328763999984,1,1,0,0,0,1
2,1875,1875.0,97.0,360.0,1.0,1,3750.0,0.26944444444444443,3480.5555555555557,4.584967478670572,8.229777750081887,1,1,1,1,1,0
0,3500,0.0,81.0,300.0,1.0,1,3500.0,0.27,3230.0,4.406719247264253,8.160803920954665,1,0,0,0,1,0
3,4755,0.0,95.0,360.0,0.0,0,4755.0,0.2638888888888889,4491.111111111111,4.564348191467836,8.467162257810672,1,1,1,0,1,0
3,5266,1774.0,187.0,360.0,1.0,1,7040.0,0.5194444444444445,6520.555555555556,5.236441962829949,8.859505484519133,1,1,0,1,1,0
0,3750,0.0,113.0,480.0,1.0,0,3750.0,0.23541666666666666,3514.5833333333335,4.736198448394496,8.229777750081887,1,0,0,0,0,1
0,3750,4750.0,176.0,360.0,1.0,0,8500.0,0.4888888888888889,8011.111111111111,5.176149732573829,9.04793908261736,1,0,0,0,0,1
1,1000,3022.0,110.0,360.0,1.0,0,4022.0,0.3055555555555556,3716.4444444444443,4.709530201312334,8.299783171949787,1,1,0,1,0,1
3,3167,4000.0,180.0,300.0,0.0,0,7167.0,0.6,6567.0,5.198497031265826,8.877381954654766,1,1,0,0,1,0
3,3333,2166.0,130.0,360.0,1.0,1,5499.0,0.3611111111111111,5137.888888888889,4.875197323201151,8.612503371220562,1,1,1,1,1,0
0,3846,0.0,111.0,360.0,1.0,1,3846.0,0.30833333333333335,3537.6666666666665,4.718498871295094,8.255048902752295,0,0,0,0,1,0
1,2395,0.0,128.0,360.0,1.0,1,2395.0,0.35555555555555557,2039.4444444444443,4.859812404361672,7.78155595923534,1,1,0,1,1,0
2,1378,1881.0,167.0,360.0,1.0,0,3259.0,0.4638888888888889,2795.1111111111113,5.123963979403259,8.089482474360754,0,1,0,0,0,1
0,6000,2250.0,265.0,360.0,1.0,0,8250.0,0.7361111111111112,7513.888888888889,5.583496308781699,9.018089684104343,1,1,0,0,1,0
1,3988,0.0,50.0,240.0,1.0,1,3988.0,0.20833333333333334,3779.6666666666665,3.9318256327243257,8.291295851905407,1,1,0,0,0,1
0,2366,2531.0,136.0,360.0,1.0,1,4897.0,0.37777777777777777,4519.222222222223,4.919980925828125,8.496582237512113,1,0,0,0,1,0
2,3333,2000.0,99.0,360.0,1.0,1,5333.0,0.275,5058.0,4.605170185988092,8.58185670474196,1,1,1,0,1,0
0,2500,2118.0,104.0,360.0,1.0,1,4618.0,0.28888888888888886,4329.111111111111,4.653960350157523,8.437933510430605,1,1,0,0,1,0
0,8566,0.0,210.0,360.0,1.0,1,8566.0,0.5833333333333334,7982.666666666667,5.351858133476067,9.055672891964043,1,0,0,0,0,1
0,5695,4167.0,175.0,360.0,1.0,1,9862.0,0.4861111111111111,9375.888888888889,5.170483995038151,9.196545660953994,1,1,0,0,1,0
0,2958,2900.0,131.0,360.0,1.0,1,5858.0,0.3638888888888889,5494.111111111111,4.882801922586371,8.675734219544788,1,1,0,0,1,0
2,6250,5654.0,188.0,180.0,1.0,1,11904.0,1.0444444444444445,10859.555555555555,5.241747015059643,9.384713758920963,1,1,0,0,1,0
2,3273,1820.0,81.0,360.0,1.0,1,5093.0,0.225,4868.0,4.406719247264253,8.535818655539403,1,1,1,0,0,1
0,4133,0.0,122.0,360.0,1.0,1,4133.0,0.3388888888888889,3794.1111111111113,4.812184355372417,8.327000740241713,1,0,0,0,1,0
0,3620,0.0,25.0,120.0,1.0,1,3620.0,0.20833333333333334,3411.6666666666665,3.258096538021482,8.19450550976564,1,0,1,0,1,0
0,6782,0.0,128.0,360.0,1.0,0,6782.0,0.35555555555555557,6426.444444444444,4.859812404361672,8.82217476094608,1,0,0,0,0,1
0,2484,2302.0,137.0,360.0,1.0,1,4786.0,0.38055555555555554,4405.444444444444,4.927253685157205,8.473659189392508,0,1,0,0,1,0
0,1977,997.0,50.0,360.0,1.0,1,2974.0,0.1388888888888889,2835.1111111111113,3.9318256327243257,7.99799931797973,1,1,0,0,1,0
0,4188,0.0,115.0,180.0,1.0,1,4188.0,0.6388888888888888,3549.1111111111113,4.7535901911063645,8.340217320947035,1,1,1,0,1,0
0,1759,3541.0,131.0,360.0,1.0,1,5300.0,0.3638888888888889,4936.111111111111,4.882801922586371,8.575650760987806,1,1,0,0,1,0
2,4288,3263.0,133.0,180.0,1.0,1,7551.0,0.7388888888888889,6812.111111111111,4.897839799950911,8.929567707825337,1,1,1,0,0,1
0,4843,3806.0,151.0,360.0,1.0,1,8649.0,0.41944444444444445,8229.555555555555,5.0238805208462765,9.065314599925925,1,0,0,0,1,0
0,13650,0.0,128.0,360.0,1.0,1,13650.0,0.35555555555555557,13294.444444444445,4.859812404361672,9.521568058002977,1,1,0,0,0,1
0,4652,3583.0,128.0,360.0,1.0,1,8235.0,0.35555555555555557,7879.444444444444,4.859812404361672,9.01627006814768,1,1,0,0,1,0
0,3816,754.0,160.0,360.0,1.0,1,4570.0,0.4444444444444444,4125.555555555556,5.081404364984463,8.427487278331744,1,1,0,0,0,1
1,3052,1030.0,100.0,360.0,1.0,1,4082.0,0.2777777777777778,3804.222222222222,4.61512051684126,8.314587291319576,1,1,0,0,0,1
2,11417,1126.0,225.0,360.0,1.0,1,12543.0,0.625,11918.0,5.420534999272286,9.436997742590188,1,1,0,0,0,1
0,7333,0.0,120.0,360.0,1.0,0,7333.0,0.3333333333333333,6999.666666666667,4.795790545596741,8.900276348631271,1,0,1,0,0,0
2,3800,3600.0,216.0,360.0,0.0,0,7400.0,0.6,6800.0,5.37989735354046,8.909370405197466,1,1,0,0,0,1
3,2071,754.0,94.0,480.0,1.0,1,2825.0,0.19583333333333333,2629.1666666666665,4.553876891600541,7.946617563244473,1,1,1,0,1,0
0,5316,0.0,136.0,360.0,1.0,1,5316.0,0.37777777777777777,4938.222222222223,4.919980925828125,8.57866451350434,1,0,0,0,0,1
0,2929,2333.0,139.0,360.0,1.0,1,5262.0,0.3861111111111111,4875.888888888889,4.941642422609304,8.56845648535378,0,1,0,0,1,0
0,3572,4114.0,152.0,360.0,0.0,0,7686.0,0.4222222222222222,7263.777777777777,5.030437921392435,8.947285869349132,1,1,1,0,0,0
1,7451,0.0,128.0,360.0,1.0,1,7451.0,0.35555555555555557,7095.444444444444,4.859812404361672,8.916237731721479,0,0,0,1,1,0
0,5050,0.0,118.0,360.0,1.0,1,5050.0,0.3277777777777778,4722.222222222223,4.77912349311153,8.527341522468053,1,0,0,0,1,0
1,14583,0.0,185.0,180.0,1.0,1,14583.0,1.0277777777777777,13555.222222222223,5.225746673713202,9.5876803163585,1,1,0,0,0,0
0,3167,2283.0,154.0,360.0,1.0,1,5450.0,0.42777777777777776,5022.222222222223,5.043425116919247,8.603554357064281,0,1,0,0,1,0
1,2214,1398.0,85.0,360.0,1.0,1,3612.0,0.2361111111111111,3375.8888888888887,4.454347296253507,8.19229373114764,1,1,0,0,0,1
0,5568,2142.0,175.0,360.0,1.0,0,7710.0,0.4861111111111111,7223.888888888889,5.170483995038151,8.95040315983296,1,1,0,0,0,0
0,10408,0.0,259.0,360.0,1.0,1,10408.0,0.7194444444444444,9688.555555555555,5.560681631015528,9.250426095515468,0,0,0,0,0,1
0,5667,2667.0,180.0,360.0,1.0,1,8334.0,0.5,7834.0,5.198497031265826,9.028218795184895,1,1,0,0,0,0
0,4166,0.0,44.0,360.0,1.0,1,4166.0,0.12222222222222222,4043.777777777778,3.8066624897703196,8.334951631422454,0,0,0,0,1,0
0,2137,8980.0,137.0,360.0,0.0,1,11117.0,0.38055555555555554,10736.444444444445,4.927253685157205,9.316320695513415,0,0,0,0,1,0
2,2957,0.0,81.0,360.0,1.0,1,2957.0,0.225,2732.0,4.406719247264253,7.992268643270745,1,1,0,0,1,0
0,4300,2014.0,194.0,360.0,1.0,1,6314.0,0.5388888888888889,5775.111111111111,5.272999558563747,8.750683034784592,1,1,1,0,0,0
0,3692,0.0,93.0,360.0,1.0,1,3692.0,0.25833333333333336,3433.6666666666665,4.543294782270004,8.214194414852564,0,0,0,0,0,0
3,23803,0.0,370.0,360.0,1.0,1,23803.0,1.0277777777777777,22775.222222222223,5.916202062607435,10.077608912764743,1,1,0,0,0,0
0,3865,1640.0,128.0,360.0,1.0,1,5505.0,0.35555555555555557,5149.444444444444,4.859812404361672,8.613593685702552,1,0,0,0,0,0
1,10513,3850.0,160.0,180.0,0.0,0,14363.0,0.8888888888888888,13474.111111111111,5.081404364984463,9.572480355345974,1,1,0,1,0,1
0,6080,2569.0,182.0,360.0,1.0,0,8649.0,0.5055555555555555,8143.444444444444,5.209486152841421,9.065314599925925,1,1,0,0,0,0
0,20166,0.0,650.0,480.0,1.0,1,20166.0,1.3541666666666667,18811.833333333332,6.478509642208569,9.911802884139842,1,0,0,1,0,1
0,2014,1929.0,74.0,360.0,1.0,1,3943.0,0.20555555555555555,3737.4444444444443,4.31748811353631,8.279950715722526,1,0,0,0,0,1
0,2718,0.0,70.0,360.0,1.0,1,2718.0,0.19444444444444445,2523.5555555555557,4.2626798770413155,7.908019444632471,1,0,0,0,1,0
0,3459,0.0,25.0,120.0,1.0,1,3459.0,0.20833333333333334,3250.6666666666665,3.258096538021482,8.14902386805177,1,1,0,1,1,0
0,4895,0.0,102.0,360.0,1.0,1,4895.0,0.2833333333333333,4611.666666666667,4.634728988229636,8.496173824192162,1,0,0,0,1,0
3,4000,7750.0,290.0,360.0,1.0,0,11750.0,0.8055555555555556,10944.444444444445,5.673323267171493,9.371693622333941,1,1,0,0,1,0
0,4583,0.0,84.0,360.0,1.0,0,4583.0,0.23333333333333334,4349.666666666667,4.442651256490317,8.430327258394575,0,1,0,0,0,0
2,3316,3500.0,88.0,360.0,1.0,1,6816.0,0.24444444444444444,6571.555555555556,4.48863636973214,8.827174771362785,1,1,0,1,0,1
0,14999,0.0,242.0,360.0,0.0,0,14999.0,0.6722222222222223,14326.777777777777,5.493061443340548,9.615805480084347,1,0,0,0,1,0
2,4200,1430.0,129.0,360.0,1.0,0,5630.0,0.35833333333333334,5271.666666666667,4.867534450455582,8.636042325254618,1,1,1,0,0,0
2,5042,2083.0,185.0,360.0,1.0,0,7125.0,0.5138888888888888,6611.111111111111,5.225746673713202,8.871505346165781,1,1,0,0,0,0
0,5417,0.0,168.0,360.0,1.0,1,5417.0,0.4666666666666667,4950.333333333333,5.1298987149230735,8.59748202264504,1,0,0,0,0,1
0,6950,0.0,175.0,180.0,1.0,1,6950.0,0.9722222222222222,5977.777777777777,5.170483995038151,8.846640813100485,1,0,0,1,1,0
0,2698,2034.0,122.0,360.0,1.0,1,4732.0,0.3388888888888889,4393.111111111111,4.812184355372417,8.462314529906248,1,1,0,0,1,0
2,11757,0.0,187.0,180.0,1.0,1,11757.0,1.038888888888889,10718.111111111111,5.236441962829949,9.3722891389622,1,1,0,0,0,1
0,2330,4486.0,100.0,360.0,1.0,1,6816.0,0.2777777777777778,6538.222222222223,4.61512051684126,8.827174771362785,0,1,0,0,1,0
2,14866,0.0,70.0,360.0,1.0,1,14866.0,0.19444444444444445,14671.555555555555,4.2626798770413155,9.60689927061335,0,1,0,0,0,1
1,1538,1425.0,30.0,360.0,1.0,1,2963.0,0.08333333333333333,2879.6666666666665,3.4339872044851463,7.994294986415977,1,1,0,0,0,1
0,10000,1666.0,225.0,360.0,1.0,0,11666.0,0.625,11041.0,5.420534999272286,9.364519622823858,0,0,0,0,0,0
0,4860,830.0,125.0,360.0,1.0,1,5690.0,0.3472222222222222,5342.777777777777,4.836281906951478,8.646641258603124,1,1,0,0,1,0
0,6277,0.0,118.0,360.0,0.0,0,6277.0,0.3277777777777778,5949.222222222223,4.77912349311153,8.744806737401898,1,0,0,0,0,0
0,2577,3750.0,152.0,360.0,1.0,1,6327.0,0.4222222222222222,5904.777777777777,5.030437921392435,8.75273950944749,1,1,0,1,0,0
0,9166,0.0,244.0,360.0,1.0,0,9166.0,0.6777777777777778,8488.222222222223,5.501258210544727,9.123365357961776,1,0,0,0,0,1
2,2281,0.0,113.0,360.0,1.0,0,2281.0,0.3138888888888889,1967.111111111111,4.736198448394496,7.732807530422021,1,1,1,0,0,0
0,3254,0.0,50.0,360.0,1.0,1,3254.0,0.1388888888888889,3115.1111111111113,3.9318256327243257,8.08794755464267,1,0,0,0,0,1
3,39999,0.0,600.0,180.0,0.0,1,39999.0,3.3333333333333335,36665.666666666664,6.398594934535208,10.596634733096073,1,1,0,0,1,0
1,6000,0.0,160.0,360.0,1.0,1,6000.0,0.4444444444444444,5555.555555555556,5.081404364984463,8.699681400989514,1,1,0,0,0,0
1,9538,0.0,187.0,360.0,1.0,1,9538.0,0.5194444444444445,9018.555555555555,5.236441962829949,9.163143937145207,1,1,0,0,0,1
0,2980,2083.0,120.0,360.0,1.0,1,5063.0,0.3333333333333333,4729.666666666667,4.795790545596741,8.529911963824013,1,0,0,0,0,0
0,4583,5625.0,255.0,360.0,1.0,1,10208.0,0.7083333333333334,9499.666666666666,5.545177444479562,9.231024963169016,1,1,0,0,1,0
0,1863,1041.0,98.0,360.0,1.0,1,2904.0,0.2722222222222222,2631.777777777778,4.59511985013459,7.974188669286011,1,1,1,0,1,0
0,7933,0.0,275.0,360.0,1.0,0,7933.0,0.7638888888888888,7169.111111111111,5.62040086571715,8.978912601074276,1,1,0,0,0,1
1,3089,1280.0,121.0,360.0,0.0,0,4369.0,0.33611111111111114,4032.8888888888887,4.804021044733257,8.382518288089635,1,1,0,0,1,0
2,4167,1447.0,158.0,360.0,1.0,1,5614.0,0.4388888888888889,5175.111111111111,5.0689042022202315,8.633196867172543,1,1,0,0,0,0
0,9323,0.0,75.0,180.0,1.0,1,9323.0,0.4166666666666667,8906.333333333334,4.330733340286331,9.140347000155648,1,1,0,0,0,1
0,3707,3166.0,182.0,360.0,1.0,1,6873.0,0.5055555555555555,6367.444444444444,5.209486152841421,8.835501457409778,1,1,0,0,0,0
0,4583,0.0,112.0,360.0,1.0,0,4583.0,0.3111111111111111,4271.888888888889,4.727387818712341,8.430327258394575,0,1,0,0,0,0
0,2439,3333.0,129.0,360.0,1.0,1,5772.0,0.35833333333333334,5413.666666666667,4.867534450455582,8.660947155060933,1,1,0,0,0,0
0,2237,0.0,63.0,480.0,0.0,0,2237.0,0.13125,2105.75,4.1588830833596715,7.71333788887187,1,0,0,0,1,0
2,8000,0.0,200.0,360.0,1.0,1,8000.0,0.5555555555555556,7444.444444444444,5.303304908059076,8.987321812850125,1,1,0,0,1,0
0,1820,1769.0,95.0,360.0,1.0,1,3589.0,0.2638888888888889,3325.1111111111113,4.564348191467836,8.185907481482324,1,1,1,0,0,0
3,51763,0.0,700.0,300.0,1.0,1,51763.0,2.3333333333333335,49429.666666666664,6.55250788703459,10.85445020594156,1,1,0,0,0,1
3,3522,0.0,81.0,180.0,1.0,0,3522.0,0.45,3072.0,4.406719247264253,8.167068178341237,1,1,1,0,0,0
0,5708,5625.0,187.0,360.0,1.0,1,11333.0,0.5194444444444445,10813.555555555555,5.236441962829949,9.335562336729565,1,1,0,0,1,0
0,4344,736.0,87.0,360.0,1.0,0,5080.0,0.24166666666666667,4838.333333333333,4.477336814478207,8.533263371593732,1,1,1,1,1,0
0,3497,1964.0,116.0,360.0,1.0,1,5461.0,0.32222222222222224,5138.777777777777,4.762173934797756,8.60557030203365,1,1,0,0,0,0
2,2045,1619.0,101.0,360.0,1.0,1,3664.0,0.28055555555555556,3383.4444444444443,4.624972813284271,8.206583614320753,1,1,0,0,0,0
3,5516,11300.0,495.0,360.0,0.0,0,16816.0,1.375,15441.0,6.206575926724928,9.73014555852275,1,1,0,0,1,0
1,3750,0.0,116.0,360.0,1.0,1,3750.0,0.32222222222222224,3427.777777777778,4.762173934797756,8.229777750081887,1,1,0,0,1,0
0,2333,1451.0,102.0,480.0,0.0,0,3784.0,0.2125,3571.5,4.634728988229636,8.23880116587155,1,0,1,0,0,1
1,6400,7250.0,180.0,360.0,0.0,0,13650.0,0.5,13150.0,5.198497031265826,9.521568058002977,1,1,0,0,0,1
0,1916,5063.0,67.0,360.0,1.0,0,6979.0,0.18611111111111112,6792.888888888889,4.219507705176107,8.850804195756417,1,0,0,0,0,0
0,4600,0.0,73.0,180.0,1.0,1,4600.0,0.40555555555555556,4194.444444444444,4.30406509320417,8.434028950155469,1,1,0,0,1,0
1,33846,0.0,260.0,360.0,1.0,0,33846.0,0.7222222222222222,33123.77777777778,5.564520407322694,10.429605648120413,1,1,0,0,1,0
0,3625,0.0,108.0,360.0,1.0,1,3625.0,0.3,3325.0,4.6913478822291435,8.195885391314796,0,1,0,0,1,0
0,39147,4750.0,120.0,360.0,1.0,1,43897.0,0.3333333333333333,43563.666666666664,4.795790545596741,10.6896240399389,1,1,0,1,1,0
1,2178,0.0,66.0,300.0,0.0,0,2178.0,0.22,1958.0,4.204692619390966,7.68662133494462,1,1,0,1,0,0
0,2383,2138.0,58.0,360.0,1.0,1,4521.0,0.16111111111111112,4359.888888888889,4.07753744390572,8.416709652837914,1,1,0,0,0,0
0,674,5296.0,168.0,360.0,1.0,1,5970.0,0.4666666666666667,5503.333333333333,5.1298987149230735,8.694669696546992,1,1,0,1,0,0
0,9328,0.0,188.0,180.0,1.0,1,9328.0,1.0444444444444445,8283.555555555555,5.241747015059643,9.140883106960962,1,1,0,0,0,0
0,4885,0.0,48.0,360.0,1.0,1,4885.0,0.13333333333333333,4751.666666666667,3.8918202981106265,8.494129251817686,1,0,1,0,0,0
0,12000,0.0,164.0,360.0,1.0,0,12000.0,0.45555555555555555,11544.444444444445,5.10594547390058,9.392745258631441,1,0,0,0,1,0
0,6033,0.0,160.0,360.0,1.0,0,6033.0,0.4444444444444444,5588.555555555556,5.081404364984463,8.705165419719007,1,1,1,0,0,1
0,3858,0.0,76.0,360.0,1.0,1,3858.0,0.2111111111111111,3646.8888888888887,4.343805421853684,8.258163361537619,1,0,0,0,1,0
0,4191,0.0,120.0,360.0,1.0,1,4191.0,0.3333333333333333,3857.6666666666665,4.795790545596741,8.340933226000878,1,0,0,0,0,0
1,3125,2583.0,170.0,360.0,1.0,0,5708.0,0.4722222222222222,5235.777777777777,5.14166355650266,8.64979915596426,1,1,0,0,1,0
0,8333,3750.0,187.0,360.0,1.0,1,12083.0,0.5194444444444445,11563.555555555555,5.236441962829949,9.399637542506563,1,0,0,0,0,0
0,1907,2365.0,120.0,360.0,1.0,1,4272.0,0.3333333333333333,3938.6666666666665,4.795790545596741,8.360071435644025,0,0,1,0,0,1
0,3416,2816.0,113.0,360.0,1.0,1,6232.0,0.3138888888888889,5918.111111111111,4.736198448394496,8.73761303680885,0,1,0,0,1,0
0,11000,0.0,83.0,360.0,1.0,0,11000.0,0.23055555555555557,10769.444444444445,4.430816798843313,9.305741456739435,1,0,0,1,0,1
1,2600,2500.0,90.0,360.0,1.0,1,5100.0,0.25,4850.0,4.51085950651685,8.537191877922927,1,1,1,0,1,0
2,4923,0.0,166.0,360.0,0.0,1,4923.0,0.46111111111111114,4461.888888888889,5.117993812416755,8.501876487304344,1,0,0,0,1,0
3,3992,0.0,128.0,180.0,1.0,0,3992.0,0.7111111111111111,3280.8888888888887,4.859812404361672,8.292298107063221,1,1,1,0,0,1
1,3500,1083.0,135.0,360.0,1.0,1,4583.0,0.375,4208.0,4.912654885736052,8.430327258394575,1,1,1,0,0,1
2,3917,0.0,124.0,360.0,1.0,1,3917.0,0.34444444444444444,3572.5555555555557,4.8283137373023015,8.273336598504486,1,1,1,0,1,0
0,4408,0.0,120.0,360.0,1.0,1,4408.0,0.3333333333333333,4074.6666666666665,4.795790545596741,8.391403185357937,0,0,1,0,1,0
0,3244,0.0,80.0,360.0,1.0,1,3244.0,0.2222222222222222,3021.777777777778,4.394449154672439,8.08487062913819,0,0,0,0,0,1
0,3975,2531.0,55.0,360.0,1.0,1,6506.0,0.1527777777777778,6353.222222222223,4.02535169073515,8.780633799494984,1,0,1,0,0,0
0,2479,0.0,59.0,360.0,1.0,1,2479.0,0.1638888888888889,2315.1111111111113,4.0943445622221,7.8160138391590275,1,0,0,0,0,1
0,3418,0.0,127.0,360.0,1.0,0,3418.0,0.3527777777777778,3065.222222222222,4.852030263919617,8.137103389639302,1,0,0,0,1,0
0,10000,0.0,214.0,360.0,1.0,0,10000.0,0.5944444444444444,9405.555555555555,5.3706380281276624,9.210440366976517,0,0,0,0,1,0
3,3430,1250.0,128.0,360.0,0.0,0,4680.0,0.35555555555555557,4324.444444444444,4.859812404361672,8.45126704130007,1,1,0,0,1,0
1,7787,0.0,240.0,360.0,1.0,1,7787.0,0.6666666666666666,7120.333333333333,5.484796933490655,8.960339366492091,1,1,0,1,0,1
3,5703,0.0,130.0,360.0,1.0,1,5703.0,0.3611111111111111,5341.888888888889,4.875197323201151,8.648922962094131,1,1,1,1,0,0
0,3173,3021.0,137.0,360.0,1.0,1,6194.0,0.38055555555555554,5813.444444444444,4.927253685157205,8.731497794063243,1,1,0,0,0,1
3,3850,983.0,100.0,360.0,1.0,1,4833.0,0.2777777777777778,4555.222222222223,4.61512051684126,8.483429561263428,1,1,1,0,1,0
0,150,1800.0,135.0,360.0,1.0,0,1950.0,0.375,1575.0,4.912654885736052,7.576097340623111,1,1,0,0,0,0
0,3727,1775.0,131.0,360.0,1.0,1,5502.0,0.3638888888888889,5138.111111111111,4.882801922586371,8.613048677059759,1,1,0,0,1,0
2,5000,0.0,72.0,360.0,0.0,0,5000.0,0.2,4800.0,4.290459441148391,8.517393171418904,1,1,0,0,1,0
2,4283,2383.0,127.0,360.0,1.0,1,6666.0,0.3527777777777778,6313.222222222223,4.852030263919617,8.80492526261806,0,1,0,0,1,0
0,2221,0.0,60.0,360.0,0.0,0,2221.0,0.16666666666666666,2054.3333333333335,4.110873864173311,7.706162970199576,1,1,0,0,0,1
2,4009,1717.0,116.0,360.0,1.0,1,5726.0,0.32222222222222224,5403.777777777777,4.762173934797756,8.652947112393857,1,1,0,0,1,0
0,2971,2791.0,144.0,360.0,1.0,1,5762.0,0.4,5362.0,4.976733742420574,8.659213451436667,1,0,0,0,1,0
0,7578,1010.0,175.0,360.0,1.0,1,8588.0,0.4861111111111111,8101.888888888889,5.170483995038151,9.058237593766226,1,1,0,0,1,0
0,6250,0.0,128.0,360.0,1.0,1,6250.0,0.35555555555555557,5894.444444444444,4.859812404361672,8.740496729931813,1,1,0,0,1,0
0,3250,0.0,170.0,360.0,1.0,0,3250.0,0.4722222222222222,2777.777777777778,5.14166355650266,8.086717920303906,1,1,0,0,0,0
0,4735,0.0,138.0,360.0,1.0,0,4735.0,0.38333333333333336,4351.666666666667,4.9344739331306915,8.462948176563842,1,1,1,1,0,1
2,6250,1695.0,210.0,360.0,1.0,1,7945.0,0.5833333333333334,7361.666666666667,5.351858133476067,8.980423936374544,1,1,0,0,1,0
0,4758,0.0,158.0,480.0,1.0,1,4758.0,0.32916666666666666,4428.833333333333,5.0689042022202315,8.46779284112111,1,1,0,0,1,0
0,6400,0.0,200.0,360.0,1.0,1,6400.0,0.5555555555555556,5844.444444444444,5.303304908059076,8.764209507142004,1,0,0,1,0,0
1,2491,2054.0,104.0,360.0,1.0,1,4545.0,0.28888888888888886,4256.111111111111,4.653960350157523,8.422003004412488,1,1,0,0,1,0
0,3716,0.0,42.0,180.0,1.0,1,3716.0,0.23333333333333334,3482.6666666666665,3.7612001156935624,8.220672170297252,1,1,0,0,0,0
0,3189,2598.0,120.0,360.0,1.0,1,5787.0,0.3333333333333333,5453.666666666667,4.795790545596741,8.663542087751374,1,0,1,0,0,0
0,8333,0.0,280.0,360.0,1.0,1,8333.0,0.7777777777777778,7555.222222222223,5.638354669333745,9.0280988119824,0,0,0,0,1,0
1,3155,1779.0,140.0,360.0,1.0,1,4934.0,0.3888888888888889,4545.111111111111,4.948759890378168,8.504107951867582,1,1,0,0,1,0
1,5500,1260.0,170.0,360.0,1.0,1,6760.0,0.4722222222222222,6287.777777777777,5.14166355650266,8.818926087090677,1,1,0,0,0,0
0,5746,0.0,255.0,360.0,1.0,0,5746.0,0.7083333333333334,5037.666666666667,5.545177444479562,8.656433258507741,1,1,0,0,0,1
0,3463,0.0,122.0,360.0,1.0,1,3463.0,0.3388888888888889,3124.1111111111113,4.812184355372417,8.150179269682326,0,0,0,1,0,1
1,3812,0.0,112.0,360.0,1.0,1,3812.0,0.3111111111111111,3500.8888888888887,4.727387818712341,8.246171559857563,0,0,0,0,0,0
1,3315,0.0,96.0,360.0,1.0,1,3315.0,0.26666666666666666,3048.3333333333335,4.574710978503383,8.106514516255185,1,1,0,0,1,0
2,5819,5000.0,120.0,360.0,1.0,1,10819.0,0.3333333333333333,10485.666666666666,4.795790545596741,9.289151552400472,1,1,0,0,0,0
1,2510,1983.0,140.0,180.0,1.0,0,4493.0,0.7777777777777778,3715.222222222222,4.948759890378168,8.410498452745275,1,1,1,0,0,1
0,2965,5701.0,155.0,60.0,1.0,1,8666.0,2.5833333333333335,6082.666666666666,5.049856007249537,9.067277989134345,1,0,0,0,0,1
2,6250,1300.0,108.0,360.0,1.0,1,7550.0,0.3,7250.0,4.6913478822291435,8.929435283803425,1,1,0,1,0,0
0,3406,4417.0,123.0,360.0,1.0,1,7823.0,0.3416666666666667,7481.333333333333,4.820281565605037,8.964951211714654,1,1,1,0,1,0
0,6050,4333.0,120.0,180.0,1.0,0,10383.0,0.6666666666666666,9716.333333333334,4.795790545596741,9.248021438943871,1,0,0,1,0,1
2,9703,0.0,112.0,360.0,1.0,1,9703.0,0.3111111111111111,9391.888888888889,4.727387818712341,9.180293450623886,1,1,0,0,0,1
1,6608,0.0,137.0,180.0,1.0,1,6608.0,0.7611111111111111,5846.888888888889,4.927253685157205,8.796187635470453,1,1,1,0,0,1
1,2882,1843.0,123.0,480.0,1.0,1,4725.0,0.25625,4468.75,4.820281565605037,8.460834457746854,1,1,0,0,1,0
0,1809,1868.0,90.0,360.0,1.0,1,3677.0,0.25,3427.0,4.51085950651685,8.210124405164267,1,1,0,0,0,1
0,1668,3890.0,201.0,360.0,0.0,0,5558.0,0.5583333333333333,4999.666666666667,5.308267697401205,8.62317351495347,1,1,1,0,1,0
2,3427,0.0,138.0,360.0,1.0,0,3427.0,0.38333333333333336,3043.6666666666665,4.9344739331306915,8.13973227971767,0,0,0,0,0,1
0,2583,2167.0,104.0,360.0,1.0,1,4750.0,0.28888888888888886,4461.111111111111,4.653960350157523,8.46611040118692,1,0,1,1,0,0
1,2661,7101.0,279.0,180.0,1.0,1,9762.0,1.55,8212.0,5.634789603169249,9.186355009225672,1,1,1,0,1,0
0,16250,0.0,192.0,360.0,0.0,0,16250.0,0.5333333333333333,15716.666666666666,5.262690188904886,9.69590972432601,1,0,0,1,0,1
3,3083,0.0,255.0,360.0,1.0,1,3083.0,0.7083333333333334,2374.6666666666665,5.545177444479562,8.03398273468322,0,0,0,0,0,0
0,6045,0.0,115.0,360.0,0.0,0,6045.0,0.3194444444444444,5725.555555555556,4.7535901911063645,8.707152175339404,1,0,1,0,0,0
3,5250,0.0,94.0,360.0,1.0,0,5250.0,0.2611111111111111,4988.888888888889,4.553876891600541,8.566173813637858,1,1,0,0,0,1
0,14683,2100.0,304.0,360.0,1.0,0,16783.0,0.8444444444444444,15938.555555555555,5.720311776607412,9.728181330636078,1,1,0,0,0,0
3,4931,0.0,128.0,360.0,1.0,0,4931.0,0.35555555555555557,4575.444444444444,4.859812404361672,8.503499864284235,1,1,1,0,1,0
1,6083,4250.0,330.0,360.0,1.0,1,10333.0,0.9166666666666666,9416.333333333334,5.802118375377063,9.24319470884713,1,1,0,0,0,1
0,2060,2209.0,134.0,360.0,1.0,1,4269.0,0.37222222222222223,3896.777777777778,4.90527477843843,8.35936910622267,1,0,0,0,1,0
1,3481,0.0,155.0,36.0,1.0,0,3481.0,4.305555555555555,-824.5555555555557,5.049856007249537,8.155362120328135,0,0,0,0,1,0
0,7200,0.0,120.0,360.0,1.0,1,7200.0,0.3333333333333333,6866.666666666667,4.795790545596741,8.881975184248867,0,0,0,0,0,0
0,5166,0.0,128.0,360.0,1.0,1,5166.0,0.35555555555555557,4810.444444444444,4.859812404361672,8.550047528287184,1,0,0,1,1,0
0,4095,3447.0,151.0,360.0,1.0,1,7542.0,0.41944444444444445,7122.555555555556,5.0238805208462765,8.928375259853631,1,0,0,0,0,0
2,4708,1387.0,150.0,360.0,1.0,1,6095.0,0.4166666666666667,5678.333333333333,5.017279836814924,8.715388097366482,1,1,0,0,1,0
3,4333,1811.0,160.0,360.0,0.0,1,6144.0,0.4444444444444444,5699.555555555556,5.081404364984463,8.723394022000136,1,1,0,0,0,1
0,3418,0.0,135.0,360.0,1.0,0,3418.0,0.375,3043.0,4.912654885736052,8.137103389639302,0,0,0,0,0,0
1,2876,1560.0,90.0,360.0,1.0,1,4436.0,0.25,4186.0,4.51085950651685,8.39773375137891,0,0,0,0,0,1
0,3237,0.0,30.0,360.0,1.0,1,3237.0,0.08333333333333333,3153.6666666666665,3.4339872044851463,8.08271113423758,0,0,0,0,0,1
0,11146,0.0,136.0,360.0,1.0,1,11146.0,0.37777777777777777,10768.222222222223,4.919980925828125,9.318925682389624,1,1,0,0,0,1
0,2833,1857.0,126.0,360.0,1.0,1,4690.0,0.35,4340.0,4.844187086458591,8.453401058328458,1,0,0,0,0,0
0,2620,2223.0,150.0,360.0,1.0,1,4843.0,0.4166666666666667,4426.333333333333,5.017279836814924,8.485496104672983,1,1,0,0,1,0
2,3900,0.0,90.0,360.0,1.0,1,3900.0,0.25,3650.0,4.51085950651685,8.268988209506656,1,1,0,0,1,0
1,2750,1842.0,115.0,360.0,1.0,1,4592.0,0.3194444444444444,4272.555555555556,4.7535901911063645,8.432288684325794,1,1,0,0,1,0
0,3993,3274.0,207.0,360.0,1.0,1,7267.0,0.575,6692.0,5.337538079701318,8.891236429516061,1,1,0,0,1,0
0,3103,1300.0,80.0,360.0,1.0,1,4403.0,0.2222222222222222,4180.777777777777,4.394449154672439,8.390268497842571,1,1,0,0,0,1
0,14583,0.0,436.0,360.0,1.0,1,14583.0,1.211111111111111,13371.888888888889,6.07993319509559,9.5876803163585,1,1,0,0,1,0
0,4100,0.0,124.0,360.0,1.0,1,4100.0,0.34444444444444444,3755.5555555555557,4.8283137373023015,8.31898612539206,0,1,1,0,0,0
1,4053,2426.0,158.0,360.0,0.0,0,6479.0,0.4388888888888889,6040.111111111111,5.0689042022202315,8.776475789346321,1,0,1,1,0,1
0,3927,800.0,112.0,360.0,1.0,1,4727.0,0.3111111111111111,4415.888888888889,4.727387818712341,8.461257559085935,1,1,0,0,1,0
2,2301,985.7999878,78.0,180.0,1.0,1,3286.7999878,0.43333333333333335,2853.4666544666666,4.3694478524670215,8.097973923364721,1,1,0,0,0,1
0,1811,1666.0,54.0,360.0,1.0,1,3477.0,0.15,3327.0,4.007333185232471,8.154212694914229,0,0,0,0,0,1
0,20667,0.0,128.0,360.0,1.0,0,20667.0,0.35555555555555557,20311.444444444445,4.859812404361672,9.936341889407075,1,1,0,0,0,0
0,3158,3053.0,89.0,360.0,1.0,1,6211.0,0.24722222222222223,5963.777777777777,4.499809670330265,8.734238184268579,1,0,0,0,0,0
0,2600,1717.0,99.0,300.0,1.0,0,4317.0,0.33,3987.0,4.605170185988092,8.370547611074752,0,0,0,1,1,0
0,3704,2000.0,120.0,360.0,1.0,1,5704.0,0.3333333333333333,5370.666666666667,4.795790545596741,8.649098262296176,1,1,0,0,0,0
0,4124,0.0,115.0,360.0,1.0,1,4124.0,0.3194444444444444,3804.5555555555557,4.7535901911063645,8.324821298768782,0,0,0,0,1,0
0,9508,0.0,187.0,360.0,1.0,1,9508.0,0.5194444444444445,8988.555555555555,5.236441962829949,9.159993997539445,1,0,0,0,0,0
0,3075,2416.0,139.0,360.0,1.0,1,5491.0,0.3861111111111111,5104.888888888889,4.941642422609304,8.61104776688786,1,1,0,0,0,0
2,4400,0.0,127.0,360.0,0.0,0,4400.0,0.3527777777777778,4047.222222222222,4.852030263919617,8.38958706681109,1,1,0,0,1,0
2,3153,1560.0,134.0,360.0,1.0,1,4713.0,0.37222222222222223,4340.777777777777,4.90527477843843,8.458292083496076,1,1,0,0,0,1
0,5417,0.0,143.0,480.0,0.0,0,5417.0,0.29791666666666666,5119.083333333333,4.969813299576001,8.59748202264504,0,0,0,0,0,1
0,2383,3334.0,172.0,360.0,1.0,1,5717.0,0.4777777777777778,5239.222222222223,5.153291594497779,8.651374372882257,1,1,0,0,1,0
3,4416,1250.0,110.0,360.0,1.0,1,5666.0,0.3055555555555556,5360.444444444444,4.709530201312334,8.64241515616962,1,1,0,0,0,1
1,6875,0.0,200.0,360.0,1.0,1,6875.0,0.5555555555555556,6319.444444444444,5.303304908059076,8.83579236650274,1,1,0,0,1,0
1,4666,0.0,135.0,360.0,1.0,1,4666.0,0.375,4291.0,4.912654885736052,8.448271745949816,0,1,0,0,0,1
0,5000,2541.0,151.0,480.0,1.0,0,7541.0,0.3145833333333333,7226.416666666667,5.0238805208462765,8.928242677818302,0,0,0,0,0,0
1,2014,2925.0,113.0,360.0,1.0,0,4939.0,0.3138888888888889,4625.111111111111,4.736198448394496,8.505120610181969,1,1,0,0,0,1
0,1800,2934.0,93.0,360.0,0.0,0,4734.0,0.25833333333333336,4475.666666666667,4.543294782270004,8.462737005620179,1,1,1,0,0,1
0,2875,1750.0,105.0,360.0,1.0,1,4625.0,0.2916666666666667,4333.333333333333,4.663439094112067,8.439447842791385,1,1,1,0,1,0
0,5000,0.0,132.0,360.0,1.0,1,5000.0,0.36666666666666664,4633.333333333333,4.890349128221754,8.517393171418904,0,0,0,0,0,0
1,1625,1803.0,96.0,360.0,1.0,1,3428.0,0.26666666666666666,3161.3333333333335,4.574710978503383,8.14002395246292,1,1,0,0,0,1
0,4000,2500.0,140.0,360.0,1.0,1,6500.0,0.3888888888888889,6111.111111111111,4.948759890378168,8.77971129020447,1,0,0,0,0,0
0,2000,0.0,128.0,360.0,1.0,0,2000.0,0.35555555555555557,1644.4444444444443,4.859812404361672,7.601402334583733,1,0,1,0,0,1
0,3762,1666.0,135.0,360.0,1.0,1,5428.0,0.375,5053.0,4.912654885736052,8.599510233905452,0,0,0,0,0,0
0,2400,1863.0,104.0,360.0,0.0,0,4263.0,0.28888888888888886,3974.1111111111113,4.653960350157523,8.357962965845681,0,0,0,0,0,1
0,20233,0.0,480.0,360.0,1.0,0,20233.0,1.3333333333333333,18899.666666666668,6.175867270105761,9.915119636765835,1,0,0,0,0,0
2,7667,0.0,185.0,360.0,1.0,1,7667.0,0.5138888888888888,7153.111111111111,5.225746673713202,8.944811104165534,1,1,1,0,0,0
0,2917,0.0,84.0,360.0,1.0,1,2917.0,0.23333333333333334,2683.6666666666665,4.442651256490317,7.978653729082731,0,0,0,0,1,0
0,2927,2405.0,111.0,360.0,1.0,1,5332.0,0.30833333333333335,5023.666666666667,4.718498871295094,8.581669210600602,1,0,1,0,1,0
0,2507,0.0,56.0,360.0,1.0,1,2507.0,0.15555555555555556,2351.4444444444443,4.04305126783455,7.827240901752812,0,0,0,0,0,0
2,5746,0.0,144.0,84.0,1.0,1,5746.0,1.7142857142857142,4031.714285714286,4.976733742420574,8.656433258507741,1,1,0,1,0,0
0,2473,1843.0,159.0,360.0,1.0,0,4316.0,0.44166666666666665,3874.3333333333335,5.075173815233827,8.370315995555478,1,1,0,0,0,0
1,3399,1640.0,111.0,180.0,1.0,1,5039.0,0.6166666666666667,4422.333333333333,4.718498871295094,8.525161361065415,1,1,1,0,0,1
2,3717,0.0,120.0,360.0,1.0,1,3717.0,0.3333333333333333,3383.6666666666665,4.795790545596741,8.220941168281389,1,1,0,0,1,0
0,2058,2134.0,88.0,360.0,1.0,1,4192.0,0.24444444444444444,3947.5555555555557,4.48863636973214,8.341171747170762,1,1,0,0,0,1
1,3541,0.0,112.0,360.0,1.0,1,3541.0,0.3111111111111111,3229.8888888888887,4.727387818712341,8.17244681834278,0,0,0,0,1,0
1,10000,0.0,155.0,360.0,1.0,0,10000.0,0.4305555555555556,9569.444444444445,5.049856007249537,9.210440366976517,1,1,0,1,0,0
0,2400,2167.0,115.0,360.0,1.0,1,4567.0,0.3194444444444444,4247.555555555556,4.7535901911063645,8.426830751335846,1,1,0,0,1,0
3,4342,189.0,124.0,360.0,1.0,1,4531.0,0.34444444444444444,4186.555555555556,4.8283137373023015,8.418918622147897,1,1,0,0,1,0
2,3601,1590.0,128.0,360.0,1.0,1,5191.0,0.35555555555555557,4835.444444444444,4.859812404361672,8.554874258383926,1,1,1,0,0,0
0,3166,2985.0,132.0,360.0,1.0,1,6151.0,0.36666666666666664,5784.333333333333,4.890349128221754,8.72453251118548,0,0,0,0,0,0
3,15000,0.0,300.0,360.0,1.0,1,15000.0,0.8333333333333334,14166.666666666666,5.707110264748875,9.61587214452889,1,1,0,0,0,0
1,8666,4983.0,376.0,360.0,0.0,0,13649.0,1.0444444444444445,12604.555555555555,5.932245187448011,9.521494800613105,1,1,0,1,0,0
0,4917,0.0,130.0,360.0,0.0,1,4917.0,0.3611111111111111,4555.888888888889,4.875197323201151,8.500657222776137,1,0,0,0,0,0
0,5818,2160.0,184.0,360.0,1.0,1,7978.0,0.5111111111111111,7466.888888888889,5.220355825078324,8.984568369308281,1,1,0,1,1,0
0,4333,2451.0,110.0,360.0,1.0,0,6784.0,0.3055555555555556,6478.444444444444,4.709530201312334,8.82246957226897,0,1,0,0,0,1
0,2500,0.0,67.0,360.0,1.0,1,2500.0,0.18611111111111112,2313.8888888888887,4.219507705176107,7.824445930877619,0,0,0,0,0,1
1,4384,1793.0,117.0,360.0,1.0,1,6177.0,0.325,5852.0,4.770684624465665,8.728749873478527,1,0,0,0,0,1
0,2935,0.0,98.0,360.0,1.0,1,2935.0,0.2722222222222222,2662.777777777778,4.59511985013459,7.984803389734406,1,0,0,0,1,0
0,2833,0.0,71.0,360.0,1.0,1,2833.0,0.19722222222222222,2635.777777777778,4.276666119016055,7.949444420250626,1,0,0,0,0,1
0,63337,0.0,490.0,180.0,1.0,1,63337.0,2.7222222222222223,60614.77777777778,6.19644412779452,11.056240743970491,1,1,0,0,0,1
1,9833,1833.0,182.0,180.0,1.0,1,11666.0,1.011111111111111,10654.888888888889,5.209486152841421,9.364519622823858,1,1,0,1,0,1
0,5503,4490.0,70.0,360.0,1.0,1,9993.0,0.19444444444444445,9798.555555555555,4.2626798770413155,9.20974019190415,1,1,0,1,1,0
1,5250,688.0,160.0,360.0,1.0,1,5938.0,0.4444444444444444,5493.555555555556,5.081404364984463,8.68929604801586,1,1,0,0,0,0
2,2500,4600.0,176.0,360.0,1.0,1,7100.0,0.4888888888888889,6611.111111111111,5.176149732573829,8.867990898182093,1,1,0,1,0,0
3,1830,0.0,128.0,360.0,0.0,0,1830.0,0.35555555555555557,1474.4444444444443,4.859812404361672,7.5126175446745105,0,0,1,0,0,1
0,4160,0.0,71.0,360.0,1.0,1,4160.0,0.19722222222222222,3962.777777777778,4.276666119016055,8.333510708982942,0,0,0,0,1,0
3,2647,1587.0,173.0,360.0,1.0,0,4234.0,0.48055555555555557,3753.4444444444443,5.159055299214529,8.351138607086154,1,1,1,0,0,0
0,2378,0.0,46.0,360.0,1.0,0,2378.0,0.12777777777777777,2250.222222222222,3.8501476017100584,7.774435510302958,0,0,0,0,0,0
1,4554,1229.0,158.0,360.0,1.0,1,5783.0,0.4388888888888889,5344.111111111111,5.0689042022202315,8.6628507638386,1,1,1,0,0,1
3,3173,0.0,74.0,360.0,1.0,1,3173.0,0.20555555555555555,2967.4444444444443,4.31748811353631,8.062747901086354,1,1,1,0,1,0
2,2583,2330.0,125.0,360.0,1.0,1,4913.0,0.3472222222222222,4565.777777777777,4.836281906951478,8.499843553081124,1,1,0,0,0,0
0,2499,2458.0,160.0,360.0,1.0,1,4957.0,0.4444444444444444,4512.555555555556,5.081404364984463,8.508757712595136,1,1,0,0,1,0
0,3523,3230.0,152.0,360.0,0.0,0,6753.0,0.4222222222222222,6330.777777777777,5.030437921392435,8.817890200945513,1,1,1,0,0,0
2,3083,2168.0,126.0,360.0,1.0,1,5251.0,0.35,4901.0,4.844187086458591,8.566364235422688,1,1,1,0,0,1
0,6333,4583.0,259.0,360.0,1.0,1,10916.0,0.7194444444444444,10196.555555555555,5.560681631015528,9.29807648628027,1,1,0,0,1,0
0,2625,6250.0,187.0,360.0,1.0,1,8875.0,0.5194444444444445,8355.555555555555,5.236441962829949,9.091106284052485,1,1,0,0,0,0
0,9083,0.0,228.0,360.0,1.0,1,9083.0,0.6333333333333333,8449.666666666666,5.43372200355424,9.114269903225448,1,1,0,0,1,0
0,8750,4167.0,308.0,360.0,1.0,0,12917.0,0.8555555555555555,12061.444444444445,5.733341276897746,9.466376966592419,1,0,0,0,0,0
3,2666,2083.0,95.0,360.0,1.0,1,4749.0,0.2638888888888889,4485.111111111111,4.564348191467836,8.465899897028686,1,1,0,0,0,0
0,5500,0.0,105.0,360.0,0.0,0,5500.0,0.2916666666666667,5208.333333333333,4.663439094112067,8.612685172875459,0,1,0,1,0,0
0,2423,505.0,130.0,360.0,1.0,1,2928.0,0.3611111111111111,2566.8888888888887,4.875197323201151,7.982416346827733,0,1,0,0,1,0
0,3813,0.0,116.0,180.0,1.0,1,3813.0,0.6444444444444445,3168.5555555555557,4.762173934797756,8.246433786160365,0,0,0,0,0,1
2,8333,3167.0,165.0,360.0,1.0,1,11500.0,0.4583333333333333,11041.666666666666,5.111987788356544,9.350189267092581,1,1,0,0,0,0
1,3875,0.0,67.0,360.0,1.0,0,3875.0,0.18611111111111112,3688.8888888888887,4.219507705176107,8.262558973010657,1,1,0,0,0,1
0,3000,1666.0,100.0,480.0,0.0,0,4666.0,0.20833333333333334,4457.666666666667,4.61512051684126,8.448271745949816,1,1,1,0,0,1
3,5167,3167.0,200.0,360.0,1.0,1,8334.0,0.5555555555555556,7778.444444444444,5.303304908059076,9.028218795184895,1,1,0,0,1,0
1,4723,0.0,81.0,360.0,1.0,0,4723.0,0.225,4498.0,4.406719247264253,8.460411177317253,0,0,0,0,1,0
2,5000,3667.0,236.0,360.0,1.0,1,8667.0,0.6555555555555556,8011.444444444444,5.4680601411351315,9.067393362656249,1,1,0,0,1,0
0,4750,2333.0,130.0,360.0,1.0,1,7083.0,0.3611111111111111,6721.888888888889,4.875197323201151,8.865593998902725,1,1,0,0,0,1
0,3013,3033.0,95.0,300.0,1.0,1,6046.0,0.31666666666666665,5729.333333333333,4.564348191467836,8.707317560273212,1,1,0,0,0,1
0,6822,0.0,141.0,360.0,1.0,1,6822.0,0.39166666666666666,6430.333333333333,4.955827057601261,8.828054536815424,1,0,0,1,0,0
0,6216,0.0,133.0,360.0,1.0,0,6216.0,0.36944444444444446,5846.555555555556,4.897839799950911,8.735042754269337,1,0,1,0,0,0
0,2500,0.0,96.0,480.0,1.0,0,2500.0,0.2,2300.0,4.574710978503383,7.824445930877619,1,0,0,0,1,0
0,5124,0.0,124.0,360.0,0.0,0,5124.0,0.34444444444444444,4779.555555555556,4.8283137373023015,8.54188580400661,1,0,0,0,0,0
1,6325,0.0,175.0,360.0,1.0,1,6325.0,0.4861111111111111,5838.888888888889,5.170483995038151,8.752423403865594,1,1,0,0,1,0
0,19730,5266.0,570.0,360.0,1.0,0,24996.0,1.5833333333333333,23412.666666666668,6.3473892096560105,10.126511096649761,1,1,0,0,0,0
0,15759,0.0,55.0,360.0,1.0,1,15759.0,0.1527777777777778,15606.222222222223,4.02535169073515,9.66523036341187,0,0,0,1,1,0
2,5185,0.0,155.0,360.0,1.0,1,5185.0,0.4305555555555556,4754.444444444444,5.049856007249537,8.55371796609861,1,1,0,0,1,0
2,9323,7873.0,380.0,300.0,1.0,1,17196.0,1.2666666666666666,15929.333333333334,5.942799375126701,9.752490228984199,1,1,0,1,0,0
1,3062,1987.0,111.0,180.0,0.0,0,5049.0,0.6166666666666667,4432.333333333333,4.718498871295094,8.527143522269405,1,0,0,0,0,1
0,2764,1459.0,110.0,360.0,1.0,1,4223.0,0.3055555555555556,3917.4444444444443,4.709530201312334,8.348537825386098,0,0,0,0,0,1
0,4817,923.0,120.0,180.0,1.0,1,5740.0,0.6666666666666666,5073.333333333333,4.795790545596741,8.655388690167637,1,1,0,0,0,1
3,8750,4996.0,130.0,360.0,1.0,1,13746.0,0.3611111111111111,13384.888888888889,4.875197323201151,9.52857589747142,1,1,0,0,0,0
0,4310,0.0,130.0,360.0,1.0,1,4310.0,0.3611111111111111,3948.8888888888887,4.875197323201151,8.368925174747135,1,1,0,0,1,0
0,3069,0.0,71.0,480.0,1.0,0,3069.0,0.14791666666666667,2921.0833333333335,4.276666119016055,8.029432840581244,1,0,0,0,0,1
2,5391,0.0,130.0,360.0,1.0,1,5391.0,0.3611111111111111,5029.888888888889,4.875197323201151,8.592671652592143,1,1,0,0,0,1
0,3333,2500.0,128.0,360.0,1.0,1,5833.0,0.35555555555555557,5477.444444444444,4.859812404361672,8.671458150427666,1,1,0,0,1,0
0,5941,4232.0,296.0,360.0,1.0,1,10173.0,0.8222222222222222,9350.777777777777,5.6937321388027,9.22759072538271,1,0,0,0,1,0
0,6000,0.0,156.0,360.0,1.0,1,6000.0,0.43333333333333335,5566.666666666667,5.056245805348308,8.699681400989514,0,0,0,0,0,1
0,7167,0.0,128.0,360.0,1.0,1,7167.0,0.35555555555555557,6811.444444444444,4.859812404361672,8.877381954654766,1,0,0,1,0,1
2,4566,0.0,100.0,360.0,1.0,0,4566.0,0.2777777777777778,4288.222222222223,4.61512051684126,8.426611813185,1,1,0,0,0,1
1,3667,0.0,113.0,180.0,1.0,1,3667.0,0.6277777777777778,3039.222222222222,4.736198448394496,8.207401833376355,1,0,0,0,0,1
0,2346,1600.0,132.0,360.0,1.0,1,3946.0,0.36666666666666664,3579.3333333333335,4.890349128221754,8.280711075662847,1,0,1,0,1,0
0,3010,3136.0,128.0,360.0,0.0,0,6146.0,0.35555555555555557,5790.444444444444,4.859812404361672,8.72371943690701,1,1,1,0,0,1
0,2333,2417.0,136.0,360.0,1.0,1,4750.0,0.37777777777777777,4372.222222222223,4.919980925828125,8.46611040118692,1,1,0,0,0,1
0,5488,0.0,125.0,360.0,1.0,1,5488.0,0.3472222222222222,5140.777777777777,4.836281906951478,8.610501368549889,1,1,0,0,0,0
3,9167,0.0,185.0,360.0,1.0,1,9167.0,0.5138888888888888,8653.111111111111,5.225746673713202,9.12347443895452,1,0,0,0,0,0
3,9504,0.0,275.0,360.0,1.0,1,9504.0,0.7638888888888888,8740.111111111111,5.62040086571715,9.15957325492253,1,1,0,0,0,0
0,2583,2115.0,120.0,360.0,1.0,1,4698.0,0.3333333333333333,4364.666666666667,4.795790545596741,8.455104999102815,1,1,0,0,0,1
2,1993,1625.0,113.0,180.0,1.0,1,3618.0,0.6277777777777778,2990.222222222222,4.736198448394496,8.193953023563742,1,1,1,0,1,0
2,3100,1400.0,113.0,360.0,1.0,1,4500.0,0.3138888888888889,4186.111111111111,4.736198448394496,8.412054873292933,1,1,0,0,0,1
2,3276,484.0,135.0,360.0,1.0,1,3760.0,0.375,3385.0,4.912654885736052,8.232440158470336,1,1,0,0,1,0
0,3180,0.0,71.0,360.0,0.0,0,3180.0,0.19722222222222222,2982.777777777778,4.276666119016055,8.064950891749143,0,0,0,0,0,1
0,3033,1459.0,95.0,360.0,1.0,1,4492.0,0.2638888888888889,4228.111111111111,4.564348191467836,8.41027590907016,1,1,0,0,0,1
0,3902,1666.0,109.0,360.0,1.0,1,5568.0,0.30277777777777776,5265.222222222223,4.700480365792417,8.624970783589669,1,0,1,0,0,0
0,1500,1800.0,103.0,360.0,0.0,0,3300.0,0.2861111111111111,3013.8888888888887,4.6443908991413725,8.101980731853192,0,0,0,0,1,0
2,2889,0.0,45.0,180.0,0.0,0,2889.0,0.25,2639.0,3.828641396489095,7.969011781106478,1,1,1,0,0,1
0,2755,0.0,65.0,300.0,1.0,0,2755.0,0.21666666666666667,2538.3333333333335,4.189654742026425,7.9215356321335495,1,0,1,0,0,0
0,2500,20000.0,103.0,360.0,1.0,1,22500.0,0.2861111111111111,22213.88888888889,4.6443908991413725,10.021315031649332,1,0,0,0,1,0
0,1963,0.0,53.0,360.0,1.0,1,1963.0,0.14722222222222223,1815.7777777777778,3.9889840465642745,7.582738488914411,0,0,1,0,1,0
0,7441,0.0,194.0,360.0,1.0,0,7441.0,0.5388888888888889,6902.111111111111,5.272999558563747,8.914894908906568,0,0,0,1,0,0
0,4547,0.0,115.0,360.0,1.0,1,4547.0,0.3194444444444444,4227.555555555556,4.7535901911063645,8.422442854870427,0,0,0,0,1,0
0,2167,2400.0,115.0,360.0,1.0,1,4567.0,0.3194444444444444,4247.555555555556,4.7535901911063645,8.426830751335846,1,1,1,0,0,1
0,2213,0.0,66.0,360.0,1.0,1,2213.0,0.18333333333333332,2029.6666666666667,4.204692619390966,7.7025561132685825,0,0,1,0,0,0
1,8300,0.0,152.0,300.0,0.0,0,8300.0,0.5066666666666667,7793.333333333333,5.030437921392435,9.024131268455035,1,1,0,0,1,0
3,81000,0.0,360.0,360.0,0.0,0,81000.0,1.0,80000.0,5.8888779583328805,11.302216779257382,1,1,0,0,0,0
1,3867,0.0,62.0,360.0,1.0,0,3867.0,0.17222222222222222,3694.777777777778,4.143134726391533,8.260492856573185,0,0,1,1,1,0
0,6256,0.0,160.0,360.0,1.0,1,6256.0,0.4444444444444444,5811.555555555556,5.081404364984463,8.741456115998364,1,1,0,0,0,1
0,6096,0.0,218.0,360.0,0.0,0,6096.0,0.6055555555555555,5490.444444444444,5.389071729816501,8.715552125907816,1,1,1,0,0,0
0,2253,2033.0,110.0,360.0,1.0,1,4286.0,0.3055555555555556,3980.4444444444443,4.709530201312334,8.363342466597977,1,1,1,0,0,0
0,2149,3237.0,178.0,360.0,0.0,0,5386.0,0.49444444444444446,4891.555555555556,5.187385805840755,8.591743922680534,0,1,1,0,1,0
0,2995,0.0,60.0,360.0,1.0,1,2995.0,0.16666666666666666,2828.3333333333335,4.110873864173311,8.005033344637111,0,0,0,0,0,1
1,2600,0.0,160.0,360.0,1.0,0,2600.0,0.4444444444444444,2155.5555555555557,5.081404364984463,7.8636512654486515,0,0,0,0,0,1
2,1600,20000.0,239.0,360.0,1.0,0,21600.0,0.6638888888888889,20936.11111111111,5.480638923341991,9.980494888896912,1,1,0,1,0,1
0,1025,2773.0,112.0,360.0,1.0,1,3798.0,0.3111111111111111,3486.8888888888887,4.727387818712341,8.242493153187626,1,1,0,0,0,0
0,3246,1417.0,138.0,360.0,1.0,1,4663.0,0.38333333333333336,4279.666666666667,4.9344739331306915,8.447628728030327,1,1,0,0,1,0
0,5829,0.0,138.0,360.0,1.0,1,5829.0,0.38333333333333336,5445.666666666667,4.9344739331306915,8.670772279344538,1,1,0,0,0,0
0,2720,0.0,80.0,360.0,0.0,0,2720.0,0.2222222222222222,2497.777777777778,4.394449154672439,7.908754738783246,0,0,1,0,0,1
0,1820,1719.0,100.0,360.0,1.0,1,3539.0,0.2777777777777778,3261.222222222222,4.61512051684126,8.17188200612782,1,1,0,0,0,1
1,7250,1667.0,110.0,360.0,0.0,0,8917.0,0.3055555555555556,8611.444444444445,4.709530201312334,9.095826985187422,1,1,0,0,0,1
0,14880,0.0,96.0,360.0,1.0,1,14880.0,0.26666666666666666,14613.333333333334,4.574710978503383,9.60784051043005,1,1,0,0,1,0
0,2666,4300.0,121.0,360.0,1.0,1,6966.0,0.33611111111111114,6629.888888888889,4.804021044733257,8.848939995030118,1,1,0,0,0,0
1,4606,0.0,81.0,360.0,1.0,0,4606.0,0.225,4381.0,4.406719247264253,8.435332164935916,0,0,1,0,0,0
2,5935,0.0,133.0,360.0,1.0,1,5935.0,0.36944444444444446,5565.555555555556,4.897839799950911,8.688790784847216,1,1,0,0,1,0
0,2920,16.12000084,87.0,360.0,1.0,1,2936.12000084,0.24166666666666667,2694.4533341733336,4.477336814478207,7.9851847886683345,1,1,0,0,0,0
0,2717,0.0,60.0,180.0,1.0,1,2717.0,0.3333333333333333,2383.6666666666665,4.110873864173311,7.907651594711089,1,0,1,0,0,1
1,8624,0.0,150.0,360.0,1.0,1,8624.0,0.4166666666666667,8207.333333333334,5.017279836814924,9.062420241899561,0,0,0,1,1,0
0,6500,0.0,105.0,360.0,0.0,0,6500.0,0.2916666666666667,6208.333333333333,4.663439094112067,8.77971129020447,1,0,0,0,0,0
0,12876,0.0,405.0,360.0,1.0,1,12876.0,1.125,11751.0,6.0063531596017325,9.463198053273784,1,0,0,0,1,0
0,2425,2340.0,143.0,360.0,1.0,1,4765.0,0.3972222222222222,4367.777777777777,4.969813299576001,8.469262657658687,1,1,0,0,1,0
0,3750,0.0,100.0,360.0,1.0,1,3750.0,0.2777777777777778,3472.222222222222,4.61512051684126,8.229777750081887,1,0,0,0,0,1
0,10047,0.0,128.0,240.0,1.0,1,10047.0,0.5333333333333333,9513.666666666666,4.859812404361672,9.21512888870798,0,1,0,0,1,0
0,1926,1851.0,50.0,360.0,1.0,1,3777.0,0.1388888888888889,3638.1111111111113,3.9318256327243257,8.236950048061455,1,0,0,0,1,0
0,2213,1125.0,128.0,360.0,1.0,1,3338.0,0.35555555555555557,2982.4444444444443,4.859812404361672,8.113426639943654,1,1,0,0,0,1
0,10416,0.0,187.0,360.0,0.0,0,10416.0,0.5194444444444445,9896.555555555555,5.236441962829949,9.251194365984448,1,0,0,1,0,1
0,7142,0.0,138.0,360.0,1.0,1,7142.0,0.38333333333333336,6758.666666666667,4.9344739331306915,8.873888135154973,0,1,1,1,0,0
0,3660,5064.0,187.0,360.0,1.0,1,8724.0,0.5194444444444445,8204.555555555555,5.236441962829949,9.073947747070628,1,0,0,0,1,0
0,7901,1833.0,180.0,360.0,1.0,1,9734.0,0.5,9234.0,5.198497031265826,9.1834829178063,1,1,0,0,0,0
3,4707,1993.0,148.0,360.0,1.0,1,6700.0,0.4111111111111111,6288.888888888889,5.003946305945459,8.81001204797317,1,0,1,0,1,0
1,37719,0.0,152.0,360.0,1.0,1,37719.0,0.4222222222222222,37296.77777777778,5.030437921392435,10.537945736747394,1,0,0,0,1,0
0,7333,8333.0,175.0,300.0,1.0,1,15666.0,0.5833333333333334,15082.666666666666,5.170483995038151,9.659311868393488,1,1,0,0,0,0
1,3466,1210.0,130.0,360.0,1.0,1,4676.0,0.3611111111111111,4314.888888888889,4.875197323201151,8.450412157725886,1,1,0,1,0,0
2,4652,0.0,110.0,360.0,1.0,1,4652.0,0.3055555555555556,4346.444444444444,4.709530201312334,8.445267451844648,1,1,1,0,0,0
0,3539,1376.0,55.0,360.0,1.0,0,4915.0,0.1527777777777778,4762.222222222223,4.02535169073515,8.500250470685925,1,1,0,0,0,0
2,3340,1710.0,150.0,360.0,0.0,0,5050.0,0.4166666666666667,4633.333333333333,5.017279836814924,8.527341522468053,1,1,0,0,0,0
1,2769,1542.0,190.0,360.0,1.0,0,4311.0,0.5277777777777778,3783.222222222222,5.25227342804663,8.369157112588834,1,0,1,1,1,0
2,2309,1255.0,125.0,360.0,0.0,0,3564.0,0.3472222222222222,3216.777777777778,4.836281906951478,8.178919332848396,1,1,1,0,0,0
2,1958,1456.0,60.0,300.0,1.0,1,3414.0,0.2,3214.0,4.110873864173311,8.13593277200489,1,1,1,0,0,1
0,3948,1733.0,149.0,360.0,0.0,0,5681.0,0.41388888888888886,5267.111111111111,5.0106352940962555,8.645058562414134,1,1,0,0,0,0
0,2483,2466.0,90.0,180.0,0.0,1,4949.0,0.5,4449.0,4.51085950651685,8.507142855562735,1,1,0,0,0,0
0,7085,0.0,84.0,360.0,1.0,1,7085.0,0.23333333333333334,6851.666666666667,4.442651256490317,8.865876285425417,1,0,0,1,1,0
2,3859,0.0,96.0,360.0,1.0,1,3859.0,0.26666666666666666,3592.3333333333335,4.574710978503383,8.258422462458876,1,1,0,0,1,0
0,4301,0.0,118.0,360.0,1.0,1,4301.0,0.3277777777777778,3973.222222222222,4.77912349311153,8.366835309827675,1,1,0,0,0,1
0,3708,2569.0,173.0,360.0,1.0,0,6277.0,0.48055555555555557,5796.444444444444,5.159055299214529,8.744806737401898,1,1,0,0,0,1
2,4354,0.0,136.0,360.0,1.0,1,4354.0,0.37777777777777777,3976.222222222222,4.919980925828125,8.379079889286603,1,0,0,0,0,0
0,8334,0.0,160.0,360.0,1.0,0,8334.0,0.4444444444444444,7889.555555555556,5.081404364984463,9.028218795184895,1,1,0,0,1,0
0,2083,4083.0,160.0,360.0,1.0,1,6166.0,0.4444444444444444,5721.555555555556,5.081404364984463,8.726967774991493,1,1,0,1,1,0
3,7740,0.0,128.0,180.0,1.0,1,7740.0,0.7111111111111111,7028.888888888889,4.859812404361672,8.954286157204713,1,1,0,0,0,1
0,3015,2188.0,153.0,360.0,1.0,1,5203.0,0.425,4778.0,5.0369526024136295,8.557182839632397,1,1,0,0,0,0
1,5191,0.0,132.0,360.0,1.0,1,5191.0,0.36666666666666664,4824.333333333333,4.890349128221754,8.554874258383926,0,0,1,0,1,0
0,4166,0.0,98.0,360.0,0.0,0,4166.0,0.2722222222222222,3893.777777777778,4.59511985013459,8.334951631422454,1,0,0,0,1,0
0,6000,0.0,140.0,360.0,1.0,1,6000.0,0.3888888888888889,5611.111111111111,4.948759890378168,8.699681400989514,1,0,0,0,0,0
3,2947,1664.0,70.0,180.0,0.0,0,4611.0,0.3888888888888889,4222.111111111111,4.2626798770413155,8.436416881388949,1,1,1,0,0,1
0,16692,0.0,110.0,360.0,1.0,1,16692.0,0.3055555555555556,16386.444444444445,4.709530201312334,9.722744748855389,1,1,0,0,1,0
2,210,2917.0,98.0,360.0,1.0,1,3127.0,0.2722222222222222,2854.777777777778,4.59511985013459,8.048149101665201,0,1,1,0,1,0
0,4333,2451.0,110.0,360.0,1.0,0,6784.0,0.3055555555555556,6478.444444444444,4.709530201312334,8.82246957226897,1,1,0,0,0,1
1,3450,2079.0,162.0,360.0,1.0,1,5529.0,0.45,5079.0,5.093750200806762,8.61794309451638,1,1,0,1,1,0
1,2653,1500.0,113.0,180.0,0.0,0,4153.0,0.6277777777777778,3525.222222222222,4.736198448394496,8.331827004436057,1,1,1,0,0,0
3,4691,0.0,100.0,360.0,1.0,1,4691.0,0.2777777777777778,4413.222222222223,4.61512051684126,8.453614209773367,1,1,0,0,1,0
0,2500,0.0,93.0,360.0,1.0,1,2500.0,0.25833333333333336,2241.6666666666665,4.543294782270004,7.824445930877619,0,0,0,1,0,1
2,5532,4648.0,162.0,360.0,1.0,1,10180.0,0.45,9730.0,5.093750200806762,9.228278517107196,1,0,0,0,0,0
2,16525,1014.0,150.0,360.0,1.0,1,17539.0,0.4166666666666667,17122.333333333332,5.017279836814924,9.772239265926174,1,1,0,1,0,0
2,6700,1750.0,230.0,300.0,1.0,1,8450.0,0.7666666666666667,7683.333333333333,5.442417710521793,9.042040056544483,1,1,0,0,1,0
2,2873,1872.0,132.0,360.0,0.0,0,4745.0,0.36666666666666664,4378.333333333333,4.890349128221754,8.465057436995709,1,1,0,0,1,0
1,16667,2250.0,86.0,360.0,1.0,1,18917.0,0.2388888888888889,18678.11111111111,4.465908118654584,9.847869128773116,1,1,0,1,1,0
2,2947,1603.0,128.0,360.0,1.0,0,4550.0,0.35555555555555557,4194.444444444444,4.859812404361672,8.423102268016642,1,1,0,0,0,1
0,4350,0.0,154.0,360.0,1.0,1,4350.0,0.42777777777777776,3922.222222222222,5.043425116919247,8.37816098272068,0,0,1,0,0,0
3,3095,0.0,113.0,360.0,1.0,1,3095.0,0.3138888888888889,2781.1111111111113,4.736198448394496,8.037866234709618,1,1,1,0,0,0
0,2083,3150.0,128.0,360.0,1.0,1,5233.0,0.35555555555555557,4877.444444444444,4.859812404361672,8.562931083090092,1,1,0,0,1,0
0,10833,0.0,234.0,360.0,1.0,1,10833.0,0.65,10183.0,5.459585514144159,9.290444616217844,1,1,0,0,1,0
2,8333,0.0,246.0,360.0,1.0,1,8333.0,0.6833333333333333,7649.666666666667,5.5093883366279774,9.0280988119824,1,1,0,0,1,0
1,1958,2436.0,131.0,360.0,1.0,1,4394.0,0.3638888888888889,4030.1111111111113,4.882801922586371,8.388222810119277,1,1,1,0,0,0
2,3547,0.0,80.0,360.0,0.0,0,3547.0,0.2222222222222222,3324.777777777778,4.394449154672439,8.17413934342947,1,0,0,0,0,0
1,18333,0.0,500.0,360.0,1.0,0,18333.0,1.3888888888888888,16944.11111111111,6.2166061010848646,9.816512538521721,1,1,0,0,0,1
2,4583,2083.0,160.0,360.0,1.0,1,6666.0,0.4444444444444444,6221.555555555556,5.081404364984463,8.80492526261806,1,1,0,1,1,0
0,2435,0.0,75.0,360.0,1.0,0,2435.0,0.20833333333333334,2226.6666666666665,4.330733340286331,7.798112628829788,1,0,0,0,0,1
0,2699,2785.0,96.0,360.0,1.0,1,5484.0,0.26666666666666666,5217.333333333333,4.574710978503383,8.609772372709331,1,0,1,0,1,0
1,5333,1131.0,186.0,360.0,1.0,1,6464.0,0.5166666666666667,5947.333333333333,5.231108616854587,8.774158291205957,1,1,1,0,0,1
0,3691,0.0,110.0,360.0,1.0,1,3691.0,0.3055555555555556,3385.4444444444443,4.709530201312334,8.213923595622743,1,0,1,0,0,0
0,17263,0.0,225.0,360.0,1.0,1,17263.0,0.625,16638.0,5.420534999272286,9.756378687497916,0,0,1,1,1,0
0,3597,2157.0,119.0,360.0,0.0,0,5754.0,0.33055555555555555,5423.444444444444,4.787491742782046,8.657824321155983,1,1,0,0,0,0
1,3326,913.0,105.0,84.0,1.0,1,4239.0,1.25,2989.0,4.663439094112067,8.352318548226004,0,1,0,0,1,0
0,2600,1700.0,107.0,360.0,1.0,1,4300.0,0.2972222222222222,4002.777777777778,4.68213122712422,8.366602832783736,1,1,1,0,0,0
0,4625,2857.0,111.0,12.0,1.0,1,7482.0,9.25,-1768.0,4.718498871295094,8.920389060080359,1,1,0,0,0,1
1,2895,0.0,95.0,360.0,1.0,1,2895.0,0.2638888888888889,2631.1111111111113,4.564348191467836,7.971085753505607,1,1,0,1,1,0
0,6283,4416.0,209.0,360.0,0.0,0,10699.0,0.5805555555555556,10118.444444444445,5.3471075307174685,9.277999020449997,1,0,0,0,0,0
0,645,3683.0,113.0,480.0,1.0,1,4328.0,0.23541666666666666,4092.5833333333335,4.736198448394496,8.37309184744198,0,0,0,0,0,0
0,3159,0.0,100.0,360.0,1.0,1,3159.0,0.2777777777777778,2881.222222222222,4.61512051684126,8.058327306580958,0,0,0,0,1,0
2,4865,5624.0,208.0,360.0,1.0,1,10489.0,0.5777777777777777,9911.222222222223,5.342334251964811,9.258177701390343,1,1,0,0,1,0
1,4050,5302.0,138.0,360.0,1.0,0,9352.0,0.38333333333333336,8968.666666666666,4.9344739331306915,9.143452426434552,1,1,1,0,0,0
0,3814,1483.0,124.0,300.0,1.0,1,5297.0,0.41333333333333333,4883.666666666667,4.8283137373023015,8.575084669832014,1,1,1,0,1,0
2,3510,4416.0,243.0,360.0,1.0,1,7926.0,0.675,7251.0,5.497168225293202,8.978029932837156,1,1,0,0,0,0
0,20833,6667.0,480.0,360.0,1.0,1,27500.0,1.3333333333333333,26166.666666666668,6.175867270105761,10.221977646629885,1,1,0,0,0,1
0,3583,0.0,96.0,360.0,1.0,0,3583.0,0.26666666666666666,3316.3333333333335,4.574710978503383,8.18423477409482,1,0,0,0,0,1
0,2479,3013.0,188.0,360.0,1.0,1,5492.0,0.5222222222222223,4969.777777777777,5.241747015059643,8.61122983334262,1,1,0,1,0,1
1,13262,0.0,40.0,360.0,1.0,1,13262.0,0.1111111111111111,13150.888888888889,3.713572066704308,9.492733482494353,0,0,0,0,0,1
0,3598,1287.0,100.0,360.0,1.0,0,4885.0,0.2777777777777778,4607.222222222223,4.61512051684126,8.494129251817686,1,0,1,0,0,0
1,6065,2004.0,250.0,360.0,1.0,1,8069.0,0.6944444444444444,7374.555555555556,5.5254529391317835,8.995908761263994,1,1,0,0,1,0
2,3283,2035.0,148.0,360.0,1.0,1,5318.0,0.4111111111111111,4906.888888888889,5.003946305945459,8.579040594742317,1,1,0,0,0,1
0,2130,6666.0,70.0,180.0,1.0,0,8796.0,0.3888888888888889,8407.111111111111,4.2626798770413155,9.082166033252674,1,1,0,0,1,0
0,5815,3666.0,311.0,360.0,1.0,0,9481.0,0.8638888888888889,8617.111111111111,5.7430031878094825,9.157150543462064,1,0,0,0,0,0
3,3466,3428.0,150.0,360.0,1.0,1,6894.0,0.4166666666666667,6477.333333333333,5.017279836814924,8.838551790227402,1,1,0,0,0,0
2,2031,1632.0,113.0,480.0,1.0,1,3663.0,0.23541666666666666,3427.5833333333335,4.736198448394496,8.20631072579402,0,1,0,0,1,0
0,3074,1800.0,123.0,360.0,0.0,0,4874.0,0.3416666666666667,4532.333333333333,4.820281565605037,8.491875383431948,1,1,1,0,1,0
0,4683,1915.0,185.0,360.0,1.0,0,6598.0,0.5138888888888888,6084.111111111111,5.225746673713202,8.794673401383422,1,0,0,0,1,0
0,3400,0.0,95.0,360.0,1.0,0,3400.0,0.2638888888888889,3136.1111111111113,4.564348191467836,8.131824785007195,0,0,1,0,0,0
2,2192,1742.0,45.0,360.0,1.0,1,3934.0,0.125,3809.0,3.828641396489095,8.277666160851503,1,1,1,0,1,0
0,2500,0.0,55.0,360.0,1.0,1,2500.0,0.1527777777777778,2347.222222222222,4.02535169073515,7.824445930877619,1,0,0,0,1,0
3,5677,1424.0,100.0,360.0,1.0,1,7101.0,0.2777777777777778,6823.222222222223,4.61512051684126,8.868131713503033,1,1,0,1,0,0
2,7948,7166.0,480.0,360.0,1.0,1,15114.0,1.3333333333333333,13780.666666666666,6.175867270105761,9.623442907213558,1,1,0,1,0,0
0,4680,2087.0,128.0,360.0,1.0,0,6767.0,0.35555555555555557,6411.444444444444,4.859812404361672,8.81996090128606,1,0,0,0,1,0
2,17500,0.0,400.0,360.0,1.0,1,17500.0,1.1111111111111112,16388.88888888889,5.993961427306569,9.770013301136158,1,1,0,1,0,0
0,3775,0.0,110.0,360.0,1.0,1,3775.0,0.3055555555555556,3469.4444444444443,4.709530201312334,8.236420527265391,1,1,0,0,1,0
1,5285,1430.0,161.0,360.0,0.0,1,6715.0,0.44722222222222224,6267.777777777777,5.087596335232384,8.812248018197431,1,1,1,0,1,0
1,2679,1302.0,94.0,360.0,1.0,1,3981.0,0.2611111111111111,3719.8888888888887,4.553876891600541,8.289539484624141,1,0,1,0,1,0
0,6783,0.0,130.0,360.0,1.0,1,6783.0,0.3611111111111111,6421.888888888889,4.875197323201151,8.822322177471738,1,0,1,0,1,0
0,1025,5500.0,216.0,360.0,1.0,1,6525.0,0.6,5925.0,5.37989735354046,8.783549477153265,1,1,0,0,0,0
3,4281,0.0,100.0,360.0,1.0,1,4281.0,0.2777777777777778,4003.222222222222,4.61512051684126,8.362175469149628,1,1,0,0,0,1
2,3588,0.0,110.0,360.0,0.0,0,3588.0,0.3055555555555556,3282.4444444444443,4.709530201312334,8.185628891147607,1,0,0,0,0,0
1,11250,0.0,196.0,360.0,1.0,0,11250.0,0.5444444444444444,10705.555555555555,5.2832037287379885,9.328212292571072,1,0,0,0,1,0
0,18165,0.0,125.0,360.0,1.0,1,18165.0,0.3472222222222222,17817.777777777777,4.836281906951478,9.80730699406216,0,0,1,1,0,1
0,2550,2042.0,126.0,360.0,1.0,1,4592.0,0.35,4242.0,4.844187086458591,8.432288684325794,1,0,1,0,0,0
0,6133,3906.0,324.0,360.0,1.0,1,10039.0,0.9,9139.0,5.783825182329737,9.214332393245721,1,1,0,0,0,1
2,3617,0.0,107.0,360.0,1.0,1,3617.0,0.2972222222222222,3319.777777777778,4.68213122712422,8.193676665955241,1,0,0,0,1,0
0,2917,536.0,66.0,360.0,1.0,0,3453.0,0.18333333333333332,3269.6666666666665,4.204692619390966,8.147288258706624,1,1,1,0,0,0
3,6417,0.0,157.0,180.0,1.0,1,6417.0,0.8722222222222222,5544.777777777777,5.062595033026967,8.766861821669803,1,1,0,0,0,0
1,4608,2845.0,140.0,180.0,1.0,1,7453.0,0.7777777777777778,6675.222222222223,4.948759890378168,8.916506080039204,0,1,0,0,1,0
0,2138,0.0,99.0,360.0,0.0,0,2138.0,0.275,1863.0,4.605170185988092,7.668093709082406,0,0,0,0,1,0
1,3652,0.0,95.0,360.0,1.0,1,3652.0,0.2638888888888889,3388.1111111111113,4.564348191467836,8.203304026795282,0,0,0,0,1,0
1,2239,2524.0,128.0,360.0,1.0,1,4763.0,0.35555555555555557,4407.444444444444,4.859812404361672,8.46884293047519,1,1,1,0,0,1
0,3017,663.0,102.0,360.0,1.0,1,3680.0,0.2833333333333333,3396.6666666666665,4.634728988229636,8.210939733379021,0,1,1,0,1,0
0,2768,1950.0,155.0,360.0,1.0,1,4718.0,0.4305555555555556,4287.444444444444,5.049856007249537,8.459352191726387,1,1,0,0,0,0
0,3358,0.0,80.0,36.0,1.0,0,3358.0,2.2222222222222223,1135.7777777777778,4.394449154672439,8.119398589612294,1,0,1,0,1,0
0,2526,1783.0,145.0,360.0,1.0,1,4309.0,0.4027777777777778,3906.222222222222,4.983606621708336,8.368693183097793,1,0,0,0,0,0
0,5000,0.0,103.0,360.0,0.0,0,5000.0,0.2861111111111111,4713.888888888889,4.6443908991413725,8.517393171418904,0,0,0,0,1,0
0,2785,2016.0,110.0,360.0,1.0,1,4801.0,0.3055555555555556,4495.444444444444,4.709530201312334,8.4767877767812,1,1,0,0,0,0
2,6633,0.0,128.0,360.0,0.0,0,6633.0,0.35555555555555557,6277.444444444444,4.859812404361672,8.799963219506997,1,1,0,1,0,0
1,2492,2375.0,128.0,360.0,1.0,1,4867.0,0.35555555555555557,4511.444444444444,4.859812404361672,8.490438454107418,1,1,1,0,0,0
1,3333,3250.0,158.0,360.0,1.0,1,6583.0,0.4388888888888889,6144.111111111111,5.0689042022202315,8.792397742356906,1,1,0,0,0,1
0,2454,2333.0,181.0,360.0,0.0,0,4787.0,0.5027777777777778,4284.222222222223,5.204006687076795,8.473868066677865,1,1,1,0,0,1
0,3593,4266.0,132.0,180.0,0.0,0,7859.0,0.7333333333333333,7125.666666666667,4.890349128221754,8.969541885423252,1,1,0,0,0,0
1,5468,1032.0,26.0,360.0,1.0,1,6500.0,0.07222222222222222,6427.777777777777,3.295836866004329,8.77971129020447,1,1,0,0,1,0
0,2667,1625.0,84.0,360.0,1.0,1,4292.0,0.23333333333333334,4058.6666666666665,4.442651256490317,8.36474106822456,0,0,0,0,0,1
3,10139,0.0,260.0,360.0,1.0,1,10139.0,0.7222222222222222,9416.777777777777,5.564520407322694,9.224243277145174,1,1,0,1,1,0
0,3887,2669.0,162.0,360.0,1.0,1,6556.0,0.45,6106.0,5.093750200806762,8.788288460263619,1,1,0,0,1,0
0,4180,2306.0,182.0,360.0,1.0,1,6486.0,0.5055555555555555,5980.444444444444,5.209486152841421,8.777555453213056,0,1,0,0,1,0
2,3675,242.0,108.0,360.0,1.0,1,3917.0,0.3,3617.0,4.6913478822291435,8.273336598504486,1,1,1,0,1,0
1,19484,0.0,600.0,360.0,1.0,1,19484.0,1.6666666666666667,17817.333333333332,6.398594934535208,9.87740021777281,0,1,0,1,1,0
0,5923,2054.0,211.0,360.0,1.0,1,7977.0,0.5861111111111111,7390.888888888889,5.356586274672012,8.984443032465352,1,1,0,0,0,0
0,5800,0.0,132.0,360.0,1.0,1,5800.0,0.36666666666666664,5433.333333333333,4.890349128221754,8.665785595466064,1,0,1,1,1,0
2,8799,0.0,258.0,360.0,0.0,0,8799.0,0.7166666666666667,8082.333333333333,5.556828061699537,9.082507000466299,1,1,0,0,0,1
0,4467,0.0,120.0,360.0,1.0,1,4467.0,0.3333333333333333,4133.666666666667,4.795790545596741,8.404696160189092,1,1,1,0,0,0
0,3333,0.0,70.0,360.0,1.0,1,3333.0,0.19444444444444445,3138.5555555555557,4.2626798770413155,8.111928063310739,1,0,0,0,0,1
3,3400,2500.0,123.0,360.0,0.0,0,5900.0,0.3416666666666667,5558.333333333333,4.820281565605037,8.682877107057168,1,1,0,0,0,0
0,2378,0.0,9.0,360.0,1.0,0,2378.0,0.025,2353.0,2.302585092994046,7.774435510302958,0,0,0,0,0,1
0,3166,2064.0,104.0,360.0,0.0,0,5230.0,0.28888888888888886,4941.111111111111,4.653960350157523,8.562357743370612,1,1,0,0,0,1
1,3417,1750.0,186.0,360.0,1.0,1,5167.0,0.5166666666666667,4650.333333333333,5.231108616854587,8.550241045462437,1,1,0,0,0,1
0,5116,1451.0,165.0,360.0,0.0,0,6567.0,0.4583333333333333,6108.666666666667,5.111987788356544,8.789964651132264,1,1,0,0,0,1
2,16666,0.0,275.0,360.0,1.0,1,16666.0,0.7638888888888888,15902.111111111111,5.62040086571715,9.721185995542177,1,1,0,0,0,1
2,6125,1625.0,187.0,480.0,1.0,0,7750.0,0.38958333333333334,7360.416666666667,5.236441962829949,8.955577146281511,1,1,1,0,1,0
3,6406,0.0,150.0,360.0,1.0,0,6406.0,0.4166666666666667,5989.333333333333,5.017279836814924,8.765146421639022,1,1,0,0,1,0
2,3159,461.0,108.0,84.0,1.0,1,3620.0,1.2857142857142858,2334.285714285714,4.6913478822291435,8.19450550976564,1,1,0,0,0,1
0,3087,2210.0,136.0,360.0,0.0,0,5297.0,0.37777777777777777,4919.222222222223,4.919980925828125,8.575084669832014,1,1,0,0,1,0
0,3229,2739.0,110.0,360.0,1.0,1,5968.0,0.3055555555555556,5662.444444444444,4.709530201312334,8.69433468816865,1,0,0,0,0,1
1,1782,2232.0,107.0,360.0,1.0,1,4014.0,0.2972222222222222,3716.777777777778,4.68213122712422,8.297792626380861,1,1,0,0,0,0
0,3182,2917.0,161.0,360.0,1.0,1,6099.0,0.44722222222222224,5651.777777777777,5.087596335232384,8.716044050161402,1,0,0,0,0,1
2,6540,0.0,205.0,360.0,1.0,1,6540.0,0.5694444444444444,5970.555555555556,5.327876168789581,8.785845337961213,1,1,0,0,1,0
0,1836,33837.0,90.0,360.0,1.0,0,35673.0,0.25,35423.0,4.51085950651685,10.482177411118249,1,0,0,0,0,1
0,3166,0.0,36.0,360.0,1.0,1,3166.0,0.1,3066.0,3.6109179126442243,8.06054004653864,0,1,0,0,1,0
1,1880,0.0,61.0,360.0,1.0,0,1880.0,0.16944444444444445,1710.5555555555557,4.127134385045092,7.53955882930103,1,1,0,0,0,0
1,2787,1917.0,146.0,360.0,0.0,0,4704.0,0.40555555555555556,4298.444444444444,4.990432586778736,8.45638105201948,1,1,0,0,0,0
1,4283,3000.0,172.0,84.0,1.0,0,7283.0,2.0476190476190474,5235.380952380952,5.153291594497779,8.8934354408475,1,1,0,0,0,0
0,2297,1522.0,104.0,360.0,1.0,1,3819.0,0.28888888888888886,3530.1111111111113,4.653960350157523,8.24800570160062,1,1,0,0,0,1
0,2165,0.0,70.0,360.0,1.0,1,2165.0,0.19444444444444445,1970.5555555555557,4.2626798770413155,7.680637427560936,0,0,1,0,1,0
0,4750,0.0,94.0,360.0,1.0,1,4750.0,0.2611111111111111,4488.888888888889,4.553876891600541,8.46611040118692,1,0,0,0,1,0
2,2726,0.0,106.0,360.0,0.0,0,2726.0,0.29444444444444445,2431.5555555555557,4.672828834461906,7.910957382845589,1,1,0,1,1,0
0,3000,3416.0,56.0,180.0,1.0,1,6416.0,0.3111111111111111,6104.888888888889,4.04305126783455,8.766705997750515,1,1,0,0,1,0
2,6000,0.0,205.0,240.0,1.0,0,6000.0,0.8541666666666666,5145.833333333333,5.327876168789581,8.699681400989514,1,1,0,1,1,0
3,9357,0.0,292.0,360.0,1.0,1,9357.0,0.8111111111111111,8545.888888888889,5.680172609017068,9.143986871426161,1,0,0,1,1,0
0,3859,3300.0,142.0,180.0,1.0,1,7159.0,0.7888888888888889,6370.111111111111,4.962844630259907,8.87626525995469,1,1,0,0,0,0
0,16120,0.0,260.0,360.0,1.0,1,16120.0,0.7222222222222222,15397.777777777777,5.564520407322694,9.687878048875998,1,1,0,1,0,1
0,3833,0.0,110.0,360.0,1.0,1,3833.0,0.3055555555555556,3527.4444444444443,4.709530201312334,8.251663923605589,1,0,1,0,0,0
2,6383,1000.0,187.0,360.0,1.0,0,7383.0,0.5194444444444445,6863.555555555556,5.236441962829949,8.907070776182689,1,1,1,1,0,0
0,2987,0.0,88.0,360.0,0.0,0,2987.0,0.24444444444444444,2742.5555555555557,4.48863636973214,8.002359546252707,1,0,0,0,1,0
0,9963,0.0,180.0,360.0,1.0,1,9963.0,0.5,9463.0,5.198497031265826,9.20673387638207,1,1,0,1,0,0
2,5780,0.0,192.0,360.0,1.0,1,5780.0,0.5333333333333333,5246.666666666667,5.262690188904886,8.662331957082475,1,1,0,0,0,1
3,416,41667.0,350.0,180.0,1.0,0,42083.0,1.9444444444444444,40138.555555555555,5.860786223465865,10.647422899928179,0,0,0,0,0,1
0,2894,2792.0,155.0,360.0,1.0,1,5686.0,0.4305555555555556,5255.444444444444,5.049856007249537,8.645938147306799,1,1,1,0,0,0
3,5703,0.0,128.0,360.0,1.0,1,5703.0,0.35555555555555557,5347.444444444444,4.859812404361672,8.648922962094131,1,1,0,0,0,1
0,3676,4301.0,172.0,360.0,1.0,1,7977.0,0.4777777777777778,7499.222222222223,5.153291594497779,8.984443032465352,1,0,0,0,0,0
1,12000,0.0,496.0,360.0,1.0,1,12000.0,1.3777777777777778,10622.222222222223,6.208590026096629,9.392745258631441,0,1,0,0,1,0
0,2400,3800.0,128.0,180.0,1.0,0,6200.0,0.7111111111111111,5488.888888888889,4.859812404361672,8.732465848349879,1,1,1,0,0,1
1,3400,2500.0,173.0,360.0,1.0,1,5900.0,0.48055555555555557,5419.444444444444,5.159055299214529,8.682877107057168,1,1,0,0,1,0
2,3987,1411.0,157.0,360.0,1.0,1,5398.0,0.4361111111111111,4961.888888888889,5.062595033026967,8.593969030218288,1,1,1,0,0,0
0,3232,1950.0,108.0,360.0,1.0,1,5182.0,0.3,4882.0,4.6913478822291435,8.553139318189707,1,1,0,0,0,0
0,2900,0.0,71.0,360.0,1.0,1,2900.0,0.19722222222222222,2702.777777777778,4.276666119016055,7.972810784121404,0,0,0,0,0,0
3,4106,0.0,40.0,180.0,1.0,1,4106.0,0.2222222222222222,3883.777777777778,3.713572066704308,8.320448113956559,1,1,0,0,0,0
1,8072,240.0,253.0,360.0,1.0,1,8312.0,0.7027777777777777,7609.222222222223,5.537334267018537,9.025575833531088,1,1,0,0,0,1
2,7583,0.0,187.0,360.0,1.0,1,7583.0,0.5194444444444445,7063.555555555556,5.236441962829949,8.933796043934858,1,1,0,0,0,1
0,4583,0.0,133.0,360.0,0.0,0,4583.0,0.36944444444444446,4213.555555555556,4.897839799950911,8.430327258394575,0,0,0,1,1,0
